,Material,Colour,Weight,Volume,Length,Width,Height,Functionality,Button,Lip,Fillability,Washability,Dismountability,Shape,Handle,name
0,1,1,7,1,1,1,1,1,1,1,1,1,1,1,2,1
1,1,1,4,1,1,1,1,2,1,1,2,2,1,2,1,2
2,1,1,7,1,1,1,1,1,1,1,1,1,1,1,2,1
3,1,2,2,1,1,1,1,3,1,1,1,2,1,1,2,3
4,1,2,1,1,2,1,1,3,1,1,1,2,1,1,2,3
5,1,1,1,1,1,1,1,4,1,2,2,2,2,3,1,4
6,1,2,1,1,2,1,1,3,1,1,1,2,1,1,2,5
7,2,3,3,1,2,1,1,3,1,1,1,2,1,1,2,3
8,1,2,1,1,2,1,1,3,1,1,1,2,1,1,2,3
9,1,2,1,1,1,1,2,3,1,1,1,2,1,1,2,3
10,3,4,2,1,1,1,1,3,1,1,2,2,1,2,1,6
11,1,2,1,1,2,1,1,3,1,1,1,2,1,1,2,5
12,1,2,1,1,1,1,2,3,1,1,1,2,1,1,2,3
13,1,5,1,1,3,4,1,2,1,1,2,2,1,2,1,2
14,1,2,1,1,2,1,1,3,1,1,1,2,1,1,2,5
15,1,2,6,1,2,1,1,3,1,1,1,2,1,1,2,5
16,1,2,1,1,2,1,1,3,1,1,1,2,1,1,2,5
17,1,2,1,1,2,1,1,3,1,1,1,2,1,1,2,5
18,1,2,1,1,3,1,1,3,1,1,1,2,1,1,2,5
19,1,2,1,1,2,1,1,3,1,1,1,2,1,1,2,5
20,1,2,1,1,2,1,1,3,1,1,1,2,1,1,2,5
21,1,2,1,1,3,1,1,3,1,1,1,2,1,1,2,5
22,1,2,1,1,1,1,1,3,1,1,1,2,1,1,2,3
23,1,2,2,1,2,1,1,3,1,1,1,2,1,1,2,5
24,1,6,2,1,3,1,1,3,1,1,1,2,1,1,2,5
25,1,2,4,1,2,2,1,3,1,1,1,2,1,1,2,5
26,1,1,2,1,4,1,1,2,1,1,2,2,1,2,1,2
27,4,1,1,1,1,2,1,2,1,1,2,2,1,2,1,2
28,1,2,1,1,2,1,1,3,1,1,1,2,1,1,2,3
29,1,2,1,1,3,1,1,3,1,1,1,2,1,1,2,5
30,1,2,2,1,1,1,3,3,1,1,1,2,1,1,2,5
31,1,2,1,1,3,1,1,3,1,1,1,2,1,1,2,5
32,1,7,1,1,3,2,1,3,1,1,1,2,1,1,2,5
33,1,2,1,1,2,1,1,3,1,1,1,2,1,1,2,3
34,1,2,1,1,3,1,1,3,1,1,1,2,1,1,2,3
35,1,2,1,1,2,1,1,3,1,1,1,2,1,1,2,3
36,1,1,2,1,1,2,1,2,1,1,2,2,1,2,1,2
37,1,2,1,1,2,2,1,3,1,1,1,2,1,1,2,3
38,1,2,1,1,1,1,2,3,1,1,1,2,1,1,2,3
39,1,2,1,1,2,1,1,3,1,1,1,2,1,1,2,5
40,5,1,3,1,2,2,2,4,1,1,2,2,1,3,2,7
41,1,2,3,1,1,2,1,3,1,1,2,2,1,4,1,6
42,1,2,1,1,2,2,1,3,1,1,1,2,1,1,2,5
43,1,1,5,1,1,2,1,2,1,1,2,2,1,2,1,2
44,1,7,2,1,3,2,1,1,1,1,1,1,1,1,2,1
45,1,2,1,1,2,1,1,3,1,1,1,2,1,1,2,5
46,1,2,3,1,4,6,1,2,1,1,2,2,1,2,1,2
47,1,1,2,2,1,2,1,1,1,1,1,1,1,1,2,1
48,1,1,3,2,1,2,1,1,1,1,1,1,1,1,2,1
49,1,1,4,2,4,1,1,2,1,1,2,2,1,2,1,2
50,1,8,5,2,2,2,1,2,1,1,2,2,1,2,1,2
51,1,1,2,2,1,2,1,4,1,2,2,2,2,3,1,4
52,1,1,1,2,1,2,2,4,1,2,2,2,2,3,1,4
53,1,1,1,2,1,1,2,4,1,2,2,2,2,3,1,4
54,1,1,1,2,1,1,2,4,1,2,2,2,2,3,1,4
55,1,9,3,2,3,1,1,3,1,1,1,2,1,1,2,5
56,1,2,2,2,2,1,1,3,1,1,1,2,1,1,2,3
57,1,2,1,2,2,2,1,3,1,1,1,2,1,1,2,3
58,1,8,1,2,2,2,1,3,1,1,1,2,1,1,2,3
59,1,1,4,2,1,2,1,2,1,1,2,2,1,2,1,2
60,6,10,1,2,1,2,1,4,1,1,2,2,1,3,2,7
61,1,2,1,2,2,1,1,3,1,1,1,2,1,1,2,3
62,7,3,6,2,3,5,2,4,1,1,2,2,1,1,1,8
63,1,1,7,2,2,2,1,2,1,1,2,2,1,2,1,2
64,1,2,2,2,2,2,1,3,1,1,1,2,1,1,2,3
65,1,1,3,2,3,1,1,3,1,1,1,2,1,1,2,5
66,6,1,2,2,2,2,1,4,1,1,2,2,1,3,2,7
67,1,1,2,2,1,1,2,4,1,2,2,2,2,3,1,4
68,1,1,1,2,1,1,2,4,1,2,2,2,2,3,1,4
69,1,1,1,2,1,1,2,4,1,2,2,2,2,3,1,4
70,1,1,1,2,1,1,2,4,1,2,2,2,2,3,1,4
71,1,1,1,2,1,1,2,4,1,2,2,2,2,3,1,4
72,7,3,2,2,1,2,2,4,1,1,2,2,1,3,1,9
73,1,1,23,2,1,2,2,4,1,2,2,2,2,3,1,4
74,7,3,2,2,1,1,2,4,1,1,2,2,1,3,1,9
75,7,3,2,2,1,1,2,4,1,1,2,2,1,3,1,9
76,2,3,4,2,3,4,2,4,1,1,2,2,1,1,1,8
77,2,3,1,2,1,2,2,4,1,1,2,2,1,1,1,8
78,7,3,2,2,1,1,3,4,1,1,2,2,1,1,1,8
79,1,1,7,2,2,3,1,2,1,1,2,2,1,2,1,2
80,1,2,3,2,2,1,1,3,1,1,1,2,1,1,2,3
81,1,2,3,2,2,1,1,3,1,1,1,2,1,1,2,3
82,1,1,2,2,3,2,1,1,1,1,1,1,1,1,2,1
83,1,7,3,2,3,1,1,1,1,1,1,1,1,1,2,1
84,1,7,3,2,3,1,1,1,1,1,1,1,1,1,2,1
85,1,1,2,2,3,5,1,1,1,1,1,1,1,1,2,1
86,1,1,3,2,3,3,1,1,1,1,1,1,1,1,2,1
87,1,1,6,2,2,3,1,2,1,1,2,2,1,2,1,2
88,1,8,1,2,2,2,1,3,1,1,1,2,1,1,2,3
89,1,1,3,2,3,1,1,3,1,1,1,2,1,1,2,5
90,7,3,3,2,4,2,1,4,1,1,2,2,1,1,1,8
91,7,3,2,2,1,2,2,4,1,1,2,2,1,3,1,9
92,5,1,2,2,1,2,2,4,1,1,2,2,1,3,2,7
93,1,1,1,2,3,2,1,3,1,1,1,2,1,1,2,3
94,6,10,2,2,1,2,2,4,1,2,2,2,2,3,1,7
95,7,3,3,2,2,3,2,4,1,1,2,2,1,3,1,9
96,7,3,2,2,1,1,2,4,1,1,2,2,1,1,1,8
97,7,3,2,2,1,1,2,4,1,1,2,2,1,3,1,9
98,7,3,3,2,1,2,3,4,1,1,2,2,1,1,1,8
99,1,1,3,2,3,2,1,1,1,1,1,1,1,1,2,1
100,1,1,3,2,3,2,1,1,1,1,1,1,1,1,2,1
101,1,1,4,2,3,3,1,1,1,1,1,1,1,1,2,1
102,1,1,3,2,2,3,1,1,1,1,1,1,1,1,2,1
103,5,6,2,2,2,2,2,4,1,1,2,2,1,3,2,7
104,1,7,3,2,3,1,2,1,1,1,1,1,1,1,2,1
105,1,1,2,2,3,1,2,1,1,1,1,1,1,1,2,1
106,1,1,2,2,1,1,4,1,1,1,1,1,1,1,2,1
107,7,3,7,2,1,2,3,4,1,1,2,2,1,1,1,8
108,3,10,1,2,3,1,1,3,1,1,1,2,1,1,2,3
109,1,2,2,2,3,1,1,3,1,1,1,2,1,1,2,3
110,2,6,4,2,1,1,1,4,1,1,2,2,1,1,1,8
111,5,1,3,2,2,3,1,4,1,1,2,2,1,3,2,7
112,7,7,4,2,1,2,2,4,1,1,2,2,1,3,1,9
113,7,11,2,2,1,2,2,4,1,1,2,2,1,3,1,9
114,7,1,3,2,2,4,2,4,1,2,2,2,2,3,2,7
115,7,3,2,2,1,2,2,4,1,1,2,2,1,3,1,9
116,1,1,2,2,1,1,2,4,1,2,2,2,2,3,1,4
117,1,1,2,2,1,2,2,4,1,2,2,2,2,3,1,4
118,7,3,2,2,1,2,1,4,1,1,2,2,1,3,1,9
119,1,12,2,2,2,2,1,4,1,2,2,2,2,3,1,10
120,7,7,7,2,1,2,2,4,1,1,2,2,1,3,1,9
121,7,3,6,2,3,4,3,4,1,1,2,2,1,1,1,8
122,1,10,3,2,1,2,3,4,1,2,2,2,2,3,1,10
123,6,9,1,2,3,2,1,3,1,1,1,2,1,1,2,3
124,3,10,1,2,1,2,4,3,1,1,1,2,1,1,2,3
125,1,1,4,2,3,2,1,1,1,1,1,1,1,1,2,1
126,1,1,12,2,1,1,1,1,1,1,1,1,1,1,2,1
127,7,3,4,2,2,3,2,4,1,1,2,2,1,3,2,9
128,7,3,10,2,1,1,2,4,1,1,2,2,1,3,1,9
129,7,3,2,3,1,2,2,4,1,1,2,2,1,3,1,9
130,7,3,4,3,1,2,2,4,1,1,2,2,1,3,1,9
131,1,2,1,3,3,1,1,3,1,1,1,2,1,1,2,5
132,5,1,4,3,1,2,2,4,1,1,2,2,1,3,2,7
133,7,3,2,3,1,3,2,4,1,1,2,2,1,3,1,9
134,7,3,9,3,1,2,3,4,1,1,2,2,1,1,1,8
135,2,7,1,3,2,4,1,4,2,2,2,2,2,3,1,10
136,2,1,2,3,3,4,1,4,1,2,2,2,2,3,1,10
137,5,1,3,3,1,3,1,4,1,1,2,2,1,3,2,7
138,5,1,3,3,3,6,1,4,1,1,2,2,1,3,2,7
139,6,1,3,3,2,2,2,4,1,1,2,2,1,3,2,7
140,5,1,3,3,1,3,2,4,1,1,2,2,1,3,2,7
141,5,1,3,3,1,3,2,4,1,1,2,2,1,3,2,7
142,1,2,3,3,2,3,2,5,2,2,2,1,1,3,2,11
143,7,3,3,3,3,4,2,4,1,1,2,2,1,1,1,8
144,7,3,5,3,2,2,2,4,1,1,2,2,1,3,1,9
145,5,1,3,3,1,3,2,4,1,1,2,2,1,3,2,7
146,5,1,3,3,2,2,2,4,1,1,2,2,1,3,2,7
147,7,3,4,3,2,3,2,4,1,1,2,2,1,3,1,9
148,7,3,3,3,1,2,2,4,1,1,2,2,1,3,1,9
149,7,3,2,3,1,2,2,4,1,1,2,2,1,3,2,9
150,7,3,2,3,1,2,2,4,1,1,2,2,1,3,1,9
151,7,3,6,3,3,6,2,4,1,1,2,2,1,1,1,8
152,2,10,2,3,2,3,2,4,1,2,2,2,2,3,2,7
153,7,3,6,3,2,3,2,4,1,1,2,2,1,3,1,9
154,7,3,2,3,1,2,2,4,1,1,2,2,1,3,2,9
155,7,3,7,3,3,5,3,4,1,1,2,2,1,1,1,8
156,7,3,3,3,1,1,3,4,1,1,2,2,1,1,1,8
157,1,2,1,3,2,3,1,3,1,1,1,2,1,1,2,3
158,1,2,2,3,3,1,1,3,1,1,1,2,1,1,2,3
159,6,9,1,3,2,1,1,3,1,1,1,2,1,1,2,3
160,1,2,2,3,2,2,1,3,1,1,1,2,1,1,2,3
161,5,1,3,3,2,3,2,4,1,1,2,2,1,3,2,7
162,5,12,1,3,2,3,2,4,1,1,2,2,1,3,2,7
163,5,1,2,3,2,3,1,4,1,1,2,2,1,3,2,7
164,5,6,3,3,1,2,1,4,1,1,2,2,1,3,2,7
165,5,6,3,3,1,2,2,4,1,1,2,2,1,3,2,7
166,2,3,4,3,2,4,2,4,1,1,2,2,1,1,1,8
167,5,6,4,3,1,2,2,4,1,1,2,2,1,3,2,7
168,5,1,3,3,2,3,2,4,1,1,2,2,1,3,2,7
169,5,6,3,3,2,3,2,4,1,1,2,2,1,3,2,7
170,5,1,3,3,2,3,2,4,1,1,2,2,1,3,2,7
171,5,1,3,3,1,2,2,4,1,1,2,2,1,3,2,7
172,2,3,5,3,1,2,3,4,1,1,2,2,1,1,1,8
173,7,3,2,3,1,1,1,4,1,1,2,2,1,3,1,9
174,5,1,3,3,1,2,2,4,1,1,2,2,1,3,2,7
175,5,1,3,3,1,2,2,4,1,1,2,2,1,3,2,7
176,5,1,4,3,1,2,2,4,1,1,2,2,1,3,2,7
177,5,1,3,3,1,2,2,4,1,1,2,2,1,3,2,7
178,7,3,2,3,1,2,2,4,1,1,2,2,1,1,1,8
179,2,13,1,3,1,2,2,4,1,2,2,2,2,3,1,10
180,1,1,4,3,2,3,1,2,1,1,2,2,1,4,1,2
181,5,14,3,3,2,3,2,4,1,1,2,2,1,3,2,7
182,5,6,3,3,1,2,2,4,1,1,2,2,1,3,2,7
183,5,6,4,3,3,3,2,4,1,1,2,2,1,3,2,7
184,5,1,4,3,2,2,1,4,1,1,2,2,1,3,2,7
185,5,1,4,3,2,2,1,4,1,1,2,2,1,3,2,7
186,5,1,3,3,2,2,1,4,1,1,2,2,1,3,2,7
187,5,6,3,3,1,2,2,4,1,1,2,2,1,3,2,7
188,5,6,3,3,1,2,2,4,1,1,2,2,1,3,2,7
189,5,1,4,3,2,3,2,4,1,1,2,2,1,3,2,7
190,5,1,4,3,2,3,2,4,1,1,2,2,1,3,2,7
191,5,1,4,3,1,3,2,4,1,1,2,2,1,3,2,7
192,5,1,1,3,2,3,2,4,1,1,2,2,1,3,2,7
193,5,1,3,3,2,3,2,4,1,1,2,2,1,3,2,7
194,1,1,3,3,1,1,1,4,1,2,2,2,2,3,1,4
195,5,6,3,3,1,2,1,4,1,1,2,2,1,3,2,7
196,5,1,3,3,1,2,2,4,1,1,2,2,1,3,2,7
197,1,1,3,3,1,2,2,4,1,2,2,2,2,3,1,4
198,5,7,2,3,2,2,2,4,1,1,2,2,1,3,2,7
199,1,1,1,3,1,2,2,4,1,2,2,2,2,3,1,4
200,1,1,3,3,1,2,2,4,1,2,2,2,2,3,1,4
201,1,1,3,3,1,2,2,4,1,2,2,2,2,3,1,4
202,1,1,3,3,1,2,2,4,1,2,2,2,2,3,1,4
203,1,1,3,3,1,2,2,4,1,2,2,2,2,3,1,4
204,1,1,3,3,1,2,2,4,1,2,2,2,2,3,1,4
205,1,1,3,3,1,2,2,4,1,2,2,2,2,3,1,4
206,1,1,3,3,1,2,2,4,1,2,2,2,2,3,1,4
207,1,1,3,3,1,2,2,4,1,2,2,2,2,3,1,4
208,1,1,1,3,1,2,2,4,1,2,2,2,2,3,1,4
209,1,1,3,3,1,2,2,4,1,2,2,2,2,3,1,4
210,1,1,3,3,1,2,2,4,1,2,2,2,2,3,1,4
211,1,1,3,3,1,2,2,4,1,2,2,2,2,3,1,4
212,1,1,3,3,1,2,2,4,1,2,2,2,2,3,1,4
213,1,1,3,3,1,2,2,4,1,2,2,2,2,3,1,4
214,1,1,3,3,1,2,2,4,1,2,2,2,2,3,1,4
215,1,1,3,3,1,2,2,4,1,2,2,2,2,3,1,4
216,1,1,1,3,1,2,2,4,1,2,2,2,2,3,1,4
217,1,1,3,3,1,2,2,4,1,2,2,2,2,3,1,4
218,1,1,3,3,1,1,2,4,1,2,2,2,2,3,1,4
219,1,1,3,3,1,2,2,4,1,2,2,2,2,3,1,4
220,1,1,3,3,1,2,2,4,1,2,2,2,2,3,1,4
221,1,1,3,3,1,2,2,4,1,2,2,2,2,3,1,4
222,1,1,3,3,1,2,2,4,1,2,2,2,2,3,1,4
223,1,1,3,3,1,2,2,4,1,2,2,2,2,3,1,4
224,1,1,3,3,1,2,2,4,1,2,2,2,2,3,1,4
225,1,1,1,3,1,2,2,4,1,2,2,2,2,3,1,4
226,1,1,3,3,1,2,2,4,1,2,2,2,2,3,1,4
227,1,1,3,3,1,2,2,4,1,2,2,2,2,3,1,4
228,5,1,3,3,1,2,2,4,1,1,2,2,1,3,2,7
229,1,1,1,3,1,2,2,4,1,2,2,2,2,3,1,4
230,1,1,21,3,3,4,2,4,1,2,2,2,2,3,1,4
231,1,1,3,3,4,5,2,4,1,2,2,2,2,3,1,4
232,1,1,3,3,1,1,2,4,1,2,2,2,2,3,1,4
233,1,1,3,3,1,2,2,4,1,2,2,2,2,3,1,4
234,1,1,3,3,1,1,2,4,1,2,2,2,2,3,1,4
235,1,1,2,3,3,5,2,4,1,2,2,2,2,3,1,4
236,1,1,3,3,1,1,2,4,1,2,2,2,2,3,1,4
237,1,1,3,3,1,2,2,4,1,2,2,2,2,3,1,4
238,1,1,3,3,1,2,2,4,1,2,2,2,2,3,1,4
239,1,1,3,3,1,2,2,4,1,2,2,2,2,3,1,4
240,1,1,1,3,1,2,2,4,1,2,2,2,2,3,1,4
241,1,1,3,3,4,3,2,4,1,2,2,2,2,3,1,4
242,7,3,3,3,1,2,2,4,1,1,2,2,1,3,1,9
243,1,6,3,3,1,1,2,4,1,2,2,2,2,3,1,4
244,7,3,2,3,1,2,2,4,1,1,2,2,1,3,1,9
245,7,3,2,3,1,2,3,4,1,1,2,2,1,1,1,8
246,7,3,4,3,1,2,2,4,1,1,2,2,1,3,1,9
247,1,1,1,3,3,5,1,2,1,1,2,2,1,2,1,2
248,1,2,2,3,2,2,2,4,1,2,2,2,2,3,1,7
249,5,6,1,3,2,3,2,4,1,1,2,2,1,3,2,7
250,7,3,2,3,1,1,3,4,1,1,2,2,1,1,1,8
251,1,2,4,3,2,1,1,3,1,1,1,2,1,1,2,3
252,1,5,5,3,1,2,4,5,2,2,2,1,1,3,2,11
253,2,7,2,3,2,2,1,4,1,2,2,2,2,3,1,10
254,7,3,2,3,2,2,1,4,1,1,2,2,1,1,1,8
255,2,7,2,3,2,2,1,4,1,2,2,2,2,3,1,10
256,1,4,2,3,2,2,1,4,2,2,2,2,2,3,1,10
257,1,13,3,3,3,2,1,4,1,2,2,2,2,3,2,10
258,1,4,3,3,2,2,1,4,1,2,2,2,2,3,1,10
259,1,2,2,3,2,2,1,4,1,2,2,2,2,3,1,10
260,5,1,4,3,1,2,1,4,1,1,2,2,1,3,2,7
261,5,5,2,3,2,2,1,4,1,1,2,2,1,3,2,7
262,8,1,2,3,3,6,1,4,1,1,2,2,1,3,2,7
263,5,1,3,3,2,2,1,4,1,1,2,2,1,3,2,7
264,1,2,3,3,2,3,2,5,2,2,2,1,1,3,2,11
265,1,1,3,3,2,2,2,4,1,2,2,2,2,3,1,7
266,8,10,3,3,1,3,2,4,1,1,2,2,1,3,2,7
267,8,7,4,3,1,3,2,4,1,1,2,2,1,3,2,7
268,2,3,2,3,1,2,2,4,1,1,2,2,1,3,1,9
269,5,15,3,3,1,3,2,4,1,1,2,2,1,3,2,7
270,1,1,1,3,2,2,2,4,1,1,2,2,1,3,2,7
271,5,1,3,3,1,2,2,4,1,1,2,2,1,3,2,7
272,5,1,3,3,1,2,2,4,1,1,2,2,1,3,2,7
273,7,1,5,3,1,2,2,4,1,1,2,2,1,3,1,9
274,5,1,4,3,2,3,2,4,1,1,2,2,1,3,2,7
275,2,10,2,3,2,3,2,4,1,1,2,2,1,3,2,7
276,2,7,2,3,2,3,2,4,1,1,2,2,1,3,2,7
277,7,12,5,3,2,3,2,4,1,1,2,2,1,3,2,7
278,5,10,4,3,2,3,2,4,1,2,2,2,2,3,2,7
279,7,16,3,3,2,3,2,4,1,1,2,2,1,3,2,7
280,5,6,3,3,2,2,2,4,1,1,2,2,1,3,2,7
281,7,10,3,3,1,2,2,4,1,2,2,2,2,3,2,7
282,7,3,3,3,1,2,2,4,1,1,2,2,1,3,1,9
283,7,3,4,3,1,2,2,4,1,1,2,2,1,3,1,9
284,2,10,5,3,2,3,2,4,1,1,2,2,1,3,1,9
285,7,3,3,3,1,2,2,4,1,1,2,2,1,3,1,9
286,2,10,1,3,1,2,2,4,1,2,2,2,2,3,1,7
287,2,7,1,3,1,2,2,4,1,2,2,2,2,3,1,10
288,2,1,1,3,1,2,2,4,1,2,2,2,2,3,1,10
289,2,10,2,3,1,2,2,4,1,2,2,2,2,3,1,10
290,7,3,2,3,1,3,2,4,1,1,2,2,1,1,1,8
291,2,10,3,3,1,2,3,4,1,2,2,2,2,3,1,7
292,7,3,2,3,1,1,3,4,1,1,2,2,1,1,1,8
293,1,4,2,3,1,2,3,4,1,2,2,2,2,3,1,10
294,1,10,3,3,1,3,2,4,1,2,2,2,2,3,2,7
295,1,1,5,3,4,4,1,1,1,1,1,1,1,1,2,1
296,1,10,30,3,4,3,1,1,1,1,1,1,1,1,2,1
297,5,1,4,3,1,2,1,4,1,1,2,2,1,3,2,7
298,5,7,3,3,2,2,2,4,1,1,2,2,1,3,2,7
299,7,7,3,3,1,2,2,4,1,2,2,2,2,3,1,7
300,1,1,6,3,1,3,5,1,1,1,1,1,1,1,2,1
301,1,1,3,3,1,1,2,4,1,2,2,2,2,3,1,4
302,7,13,4,3,1,2,2,4,1,1,2,2,1,3,1,9
303,1,1,3,3,2,7,2,4,1,2,2,2,2,3,1,4
304,1,1,3,3,1,2,2,4,1,2,2,2,2,3,1,4
305,2,3,5,3,2,4,2,4,1,1,2,2,1,1,1,8
306,7,3,7,3,2,4,3,4,1,1,2,2,1,3,1,9
307,1,2,1,3,2,2,1,3,1,1,1,2,1,1,2,3
308,1,1,2,3,2,2,2,4,1,2,2,2,2,3,1,7
309,7,3,6,3,3,5,2,4,1,1,2,2,1,1,1,8
310,5,6,3,3,2,3,2,4,1,1,2,2,1,3,2,7
311,7,3,4,3,1,2,2,4,1,1,2,2,1,3,1,9
312,7,3,3,3,1,2,2,4,1,1,2,2,1,3,1,9
313,7,3,2,3,1,2,2,4,1,1,2,2,1,3,1,9
314,7,3,2,3,2,2,1,4,1,1,2,2,1,1,1,8
315,6,9,1,3,2,3,1,3,1,1,1,2,1,1,2,3
316,5,14,4,3,2,3,2,4,1,2,2,2,2,3,2,7
317,1,10,2,3,2,2,2,4,1,2,2,2,2,3,1,7
318,5,1,3,3,2,2,2,4,1,1,2,2,1,3,2,7
319,5,6,2,3,2,2,2,4,1,1,2,2,1,3,2,7
320,6,9,1,3,2,2,1,3,1,1,1,2,1,1,2,3
321,1,10,3,3,2,2,2,4,1,2,2,2,2,3,1,7
322,7,3,2,3,1,2,2,4,1,1,2,2,1,3,1,9
323,7,3,6,3,3,6,2,4,1,1,2,2,1,1,1,8
324,5,8,1,3,2,3,2,4,1,1,2,2,1,3,2,7
325,1,10,3,3,1,2,2,4,1,2,2,2,2,3,1,7
326,7,3,5,3,1,2,2,4,1,1,2,2,1,1,1,8
327,5,6,3,3,2,3,2,4,1,2,2,2,2,3,2,7
328,2,3,4,3,1,1,2,4,1,1,2,2,1,3,1,9
329,2,3,5,3,3,3,1,4,1,1,2,2,1,3,1,9
330,2,3,6,3,4,2,2,4,1,1,2,2,1,3,1,9
331,7,3,3,3,1,2,3,4,1,1,2,2,1,1,1,8
332,5,5,3,3,2,2,1,4,1,1,2,2,1,3,2,7
333,1,2,2,3,2,3,1,3,1,1,2,2,1,4,1,12
334,7,3,2,3,2,2,1,4,1,2,2,2,2,3,1,10
335,2,10,2,3,2,2,1,4,1,2,2,2,2,3,1,10
336,7,13,3,3,2,3,2,4,1,2,2,2,2,3,2,7
337,2,3,4,3,5,5,2,4,1,1,2,2,1,3,1,9
338,8,10,2,3,1,2,2,4,1,1,2,2,1,3,2,7
339,5,7,4,3,2,3,2,4,1,2,2,2,2,3,2,7
340,5,16,2,3,2,3,2,4,1,1,2,2,1,3,2,7
341,5,1,3,3,2,2,2,4,1,1,2,2,1,3,2,7
342,2,13,2,3,2,3,2,4,1,2,2,2,2,3,2,7
343,7,3,4,3,2,2,2,4,1,1,2,2,1,3,2,9
344,5,1,3,3,1,3,2,4,1,1,2,2,1,3,2,7
345,5,6,3,3,1,3,2,4,1,1,2,2,1,3,2,7
346,8,5,4,3,2,2,2,4,1,1,2,2,1,3,2,7
347,7,3,2,3,1,2,2,4,1,1,2,2,1,3,1,9
348,7,3,1,3,1,2,2,4,1,1,2,2,1,3,1,9
349,5,1,4,3,2,2,2,4,1,1,2,2,1,3,2,7
350,5,6,4,3,2,3,2,4,1,1,2,2,1,3,2,7
351,5,1,3,3,2,3,2,4,1,1,2,2,1,3,2,7
352,7,3,5,3,3,4,2,4,1,1,2,2,1,1,1,8
353,7,3,5,3,3,4,2,4,1,1,2,2,1,1,1,8
354,5,4,5,3,2,3,2,4,1,2,2,2,2,3,2,7
355,5,17,5,3,2,4,2,4,1,2,2,2,2,3,2,7
356,5,1,4,3,2,3,2,4,1,1,2,2,1,3,2,7
357,5,6,3,3,2,3,2,4,1,1,2,2,1,3,2,7
358,5,6,3,3,2,3,2,4,1,1,2,2,1,3,2,7
359,6,9,2,3,1,1,2,3,1,1,1,2,1,1,2,3
360,7,3,3,3,1,2,2,4,1,1,2,2,1,3,1,9
361,2,1,1,3,1,2,2,4,1,2,2,2,2,3,1,10
362,2,1,1,3,1,2,2,4,2,2,2,2,2,3,1,10
363,2,14,1,3,1,2,2,4,1,2,2,2,2,3,2,10
364,2,3,1,3,1,2,2,4,1,2,2,2,2,3,2,10
365,2,6,4,3,1,3,2,5,2,2,2,1,1,3,2,11
366,1,1,1,3,1,2,2,4,1,2,2,2,2,3,1,10
367,2,3,1,3,1,2,3,4,1,2,2,2,2,3,1,10
368,7,3,3,3,4,6,2,4,1,1,2,2,1,1,1,8
369,1,1,4,3,3,2,2,4,1,2,2,2,2,3,1,10
370,7,14,3,3,1,4,3,4,1,2,2,2,2,3,1,10
371,1,10,2,3,2,3,1,3,1,1,1,2,1,1,2,5
372,1,1,3,3,2,2,1,1,1,1,1,1,1,1,2,1
373,1,1,5,3,4,3,1,1,1,1,1,1,1,1,2,1
374,1,1,6,3,4,3,1,1,1,1,1,1,1,1,2,1
375,1,1,6,3,4,3,1,1,1,1,1,1,1,1,2,1
376,5,10,4,3,2,3,2,4,1,2,2,2,2,3,2,7
377,1,1,5,3,4,1,2,1,1,1,1,1,1,1,2,1
378,1,1,5,3,4,1,2,1,1,1,1,1,1,1,2,1
379,1,1,6,3,4,1,2,1,1,1,1,1,1,1,2,1
380,1,1,6,3,2,1,5,1,1,1,1,1,1,1,2,1
381,2,3,5,3,3,2,1,5,2,2,2,1,1,3,2,11
382,2,7,1,3,1,2,2,4,1,2,2,2,2,3,1,10
383,2,12,2,3,2,2,2,4,1,2,2,2,2,3,2,7
384,1,2,2,3,2,3,1,3,1,1,1,2,1,1,2,5
385,1,2,1,3,2,2,1,3,1,1,1,2,1,1,2,3
386,2,7,4,3,3,2,1,1,1,1,1,1,1,1,2,1
387,7,3,5,3,3,5,3,4,1,1,2,2,1,1,1,8
388,1,1,12,3,3,1,1,1,1,1,1,1,1,1,2,1
389,7,1,2,3,1,1,1,4,1,1,2,2,1,1,1,8
390,7,1,2,3,1,1,1,4,1,1,2,2,1,1,1,8
391,7,1,2,3,1,1,1,4,1,1,2,2,1,1,1,8
392,1,1,6,3,3,3,1,1,1,1,1,1,1,1,2,1
393,1,1,6,3,3,3,1,1,1,1,1,1,1,1,2,1
394,1,1,6,3,3,3,1,1,1,1,1,1,1,1,2,1
395,1,1,7,3,5,4,1,1,1,1,1,1,1,1,2,1
396,7,3,4,3,2,3,2,4,1,1,2,2,1,3,1,9
397,1,7,6,3,2,1,5,1,1,1,1,1,1,1,2,1
398,2,16,1,3,3,4,1,4,1,2,2,2,2,3,1,10
399,1,14,3,3,2,3,2,4,1,2,2,2,2,3,1,7
400,5,13,4,3,2,2,2,4,1,2,2,2,2,3,2,7
401,5,1,3,3,2,3,2,4,1,1,2,2,1,3,2,7
402,5,1,3,3,2,2,2,4,1,1,2,2,1,3,2,7
403,1,1,2,3,2,2,2,4,1,2,2,2,2,3,2,7
404,6,1,2,3,1,2,2,4,1,2,2,2,2,3,1,7
405,5,1,3,3,2,3,2,4,1,1,2,2,1,3,2,7
406,5,1,3,3,2,3,2,4,1,1,2,2,1,3,2,7
407,7,3,3,3,1,1,2,4,1,1,2,2,1,1,1,8
408,2,3,1,3,2,4,3,4,1,1,2,2,1,3,1,9
409,2,1,1,3,1,2,3,4,2,2,2,2,2,3,1,10
410,7,3,6,3,1,2,3,4,1,1,2,2,1,1,1,8
411,1,2,4,3,3,2,1,3,1,1,1,2,1,1,2,5
412,2,1,4,3,2,2,2,4,1,1,2,2,1,3,2,7
413,2,14,1,3,2,2,1,4,1,2,2,2,2,3,1,10
414,2,1,3,3,2,4,2,4,1,2,2,2,2,3,2,10
415,7,3,3,3,1,2,3,4,1,1,2,2,1,1,1,8
416,1,2,3,3,2,2,1,3,1,1,1,2,1,1,2,3
417,1,1,3,3,1,2,3,4,2,2,2,2,2,3,1,7
418,1,2,2,3,2,3,1,3,1,1,1,2,1,1,2,3
419,1,2,3,3,2,3,1,3,1,1,1,2,1,1,2,3
420,1,2,2,3,2,3,1,3,1,1,1,2,1,1,2,3
421,1,1,4,3,3,1,1,1,1,1,1,1,1,1,2,1
422,1,1,5,3,2,6,1,1,1,1,1,1,1,1,2,1
423,1,1,4,3,3,3,1,1,1,1,1,1,1,1,2,1
424,1,1,4,3,3,3,1,1,1,1,1,1,1,1,2,1
425,1,1,4,3,3,3,1,1,1,1,1,1,1,1,2,1
426,1,1,5,3,3,3,1,1,1,1,1,1,1,1,2,1
427,1,1,5,3,3,3,1,1,1,1,1,1,1,1,2,1
428,1,1,5,3,3,3,1,1,1,1,1,1,1,1,2,1
429,1,1,5,3,4,3,1,1,1,1,1,1,1,1,2,1
430,1,1,1,3,3,3,1,1,1,1,1,1,1,1,2,1
431,1,1,5,3,3,3,1,1,1,1,1,1,1,1,2,1
432,1,10,6,3,5,3,1,1,1,1,1,1,1,1,2,1
433,1,1,7,3,4,3,1,1,1,1,1,1,1,1,2,1
434,1,1,5,3,4,3,1,1,1,1,1,1,1,1,2,1
435,1,2,3,3,3,1,1,1,1,1,1,1,1,1,2,1
436,5,10,3,3,1,2,2,4,1,1,2,2,1,3,2,7
437,2,3,2,3,2,4,2,4,1,1,2,2,1,3,1,9
438,1,1,6,3,2,1,4,1,1,1,1,1,1,1,2,1
439,1,1,5,3,1,3,4,1,1,1,1,1,1,1,2,1
440,1,10,3,3,3,2,1,4,2,2,2,2,2,3,1,10
441,2,7,1,3,1,2,3,4,1,2,2,2,2,3,2,10
442,2,1,1,3,1,2,3,4,1,2,2,2,2,3,1,10
443,1,7,3,4,2,2,1,4,2,2,2,2,2,3,1,7
444,5,7,3,4,1,3,2,4,1,1,2,2,1,3,2,7
445,1,17,3,4,2,2,2,4,1,1,2,2,1,3,2,7
446,7,3,2,4,2,2,2,4,1,1,2,2,1,1,1,8
447,7,3,5,4,3,4,2,4,1,1,2,2,1,1,1,8
448,7,3,2,4,1,2,2,4,1,1,2,2,1,3,1,9
449,7,3,2,4,1,2,2,4,1,1,2,2,1,3,1,9
450,2,7,2,4,1,2,3,4,1,2,2,2,2,3,1,10
451,1,1,3,4,1,4,1,4,1,2,2,2,2,3,1,10
452,1,2,4,4,2,2,1,3,1,1,1,2,1,1,2,5
453,7,3,3,4,1,1,3,4,1,1,2,2,1,1,1,8
454,7,3,2,4,1,2,3,4,1,1,2,2,1,1,1,8
455,7,3,11,4,3,6,3,4,1,1,2,2,1,1,1,8
456,1,8,1,4,1,1,1,4,1,2,2,2,2,3,1,10
457,1,1,3,4,1,2,1,4,1,2,2,2,2,3,1,10
458,1,2,1,4,2,3,1,3,1,1,2,2,1,4,1,12
459,2,10,1,4,2,2,1,4,1,2,2,2,2,3,2,10
460,2,1,1,4,2,2,1,4,1,2,2,2,2,3,2,10
461,1,10,3,4,3,2,1,4,1,2,2,2,2,3,2,10
462,2,7,2,4,3,2,1,4,1,2,2,2,2,3,1,10
463,1,10,4,4,3,2,1,4,2,2,2,2,2,3,1,10
464,1,10,3,4,3,2,1,4,1,2,2,2,2,3,1,10
465,1,5,5,4,3,4,1,4,1,2,2,2,2,3,1,10
466,2,13,2,4,3,2,1,4,1,2,2,2,2,3,1,10
467,2,10,2,4,2,2,1,4,1,2,2,2,2,3,1,10
468,2,10,2,4,2,2,1,4,1,2,2,2,2,3,1,10
469,1,6,1,4,3,5,1,4,1,2,2,2,2,3,1,10
470,2,14,2,4,2,4,1,4,1,2,2,2,2,3,1,10
471,1,1,2,4,2,2,1,4,1,2,2,2,2,3,1,10
472,1,2,4,4,3,3,1,4,1,2,2,2,2,3,1,10
473,1,14,3,4,3,2,1,4,1,2,2,2,2,3,1,10
474,1,1,3,4,3,2,1,4,2,2,2,2,2,3,1,10
475,2,1,3,4,3,3,1,4,1,2,2,2,2,3,1,10
476,1,5,3,4,3,2,1,4,1,2,2,2,2,3,1,10
477,2,5,2,4,2,2,1,4,2,2,2,2,2,3,1,10
478,1,10,3,4,3,2,1,4,1,2,2,2,2,3,1,10
479,1,1,4,4,2,3,1,4,1,2,2,2,2,3,1,10
480,1,12,3,4,3,2,1,4,1,2,2,2,2,3,1,10
481,2,7,2,4,2,2,1,4,1,2,2,2,2,3,1,10
482,1,7,3,4,3,2,1,4,1,2,2,2,2,3,1,10
483,2,10,4,4,2,4,1,5,2,2,2,1,1,3,2,11
484,1,6,6,4,1,4,1,5,2,2,2,1,1,3,2,11
485,1,10,5,4,5,6,1,2,1,1,2,2,1,4,2,13
486,1,1,3,4,3,2,1,4,1,2,2,2,2,3,1,10
487,1,7,2,4,3,2,1,4,1,2,2,2,2,3,1,10
488,1,6,3,4,2,2,1,4,1,2,2,2,2,3,1,10
489,5,1,1,4,2,2,1,4,1,1,2,2,1,3,2,7
490,5,6,3,4,2,3,2,4,1,2,2,2,2,3,1,7
491,2,6,9,4,2,4,2,5,2,2,2,1,1,3,2,11
492,1,8,4,4,2,4,2,4,1,1,2,2,1,1,1,8
493,2,12,1,4,1,2,2,4,1,2,2,2,2,3,1,10
494,5,10,4,4,2,3,2,4,1,1,2,2,1,3,2,7
495,2,1,1,4,1,2,2,4,1,2,2,2,2,3,1,10
496,2,1,4,4,3,5,2,5,2,2,2,1,1,3,2,11
497,1,1,5,4,2,4,2,5,2,2,2,1,1,3,2,11
498,5,14,4,4,2,3,2,4,1,1,2,2,1,3,2,7
499,7,3,5,4,3,6,2,4,1,1,2,2,1,1,1,8
500,2,1,2,4,1,2,2,4,2,2,2,2,2,3,1,10
501,7,3,3,4,1,2,2,4,1,1,2,2,1,3,1,9
502,5,10,4,4,2,2,2,4,1,1,2,2,1,3,2,7
503,1,1,5,4,2,4,2,4,1,1,2,2,1,3,2,7
504,5,7,4,4,2,4,2,4,1,1,2,2,1,3,2,7
505,2,1,1,4,1,2,2,4,1,2,2,2,2,3,1,10
506,2,6,5,4,2,3,3,5,2,2,2,1,1,3,2,11
507,2,10,1,4,1,2,3,4,1,2,2,2,2,3,1,10
508,2,13,2,4,1,2,3,4,1,2,2,2,2,3,2,10
509,7,3,3,4,1,2,3,4,1,1,2,2,1,1,1,8
510,2,1,2,4,1,5,3,4,1,2,2,2,2,3,1,10
511,2,5,1,4,1,2,3,4,1,2,2,2,2,3,1,10
512,2,12,1,4,1,2,3,4,1,2,2,2,2,3,1,10
513,2,1,1,4,1,2,3,4,1,2,2,2,2,3,1,10
514,1,10,3,4,1,2,3,4,1,2,2,2,2,3,1,10
515,1,7,1,4,1,2,3,4,2,2,2,2,2,3,1,10
516,2,7,1,4,1,2,3,4,1,2,2,2,2,3,2,10
517,1,1,3,4,1,2,3,4,1,2,2,2,2,3,1,10
518,1,1,3,4,1,2,3,4,1,2,2,2,2,3,1,10
519,1,10,3,4,1,2,3,4,1,2,2,2,2,3,1,10
520,1,1,3,4,1,2,3,4,2,2,2,2,2,3,1,10
521,2,1,2,4,1,2,4,4,1,2,2,2,2,3,1,10
522,7,3,2,4,1,1,4,4,1,1,2,2,1,1,1,8
523,1,1,7,4,4,3,1,1,1,1,1,1,1,1,2,1
524,5,5,3,4,2,3,1,3,1,1,2,2,1,4,1,12
525,2,17,1,4,2,2,1,4,2,2,2,2,2,3,1,10
526,1,1,3,4,2,2,2,4,1,2,2,2,2,3,1,7
527,7,3,3,4,1,2,2,4,1,1,2,2,1,3,1,9
528,7,3,3,4,1,2,2,4,1,1,2,2,1,3,1,9
529,7,3,5,4,1,2,2,4,1,1,2,2,1,3,1,9
530,7,3,2,4,1,2,2,4,1,1,2,2,1,3,1,9
531,7,3,3,4,3,4,2,4,1,1,2,2,1,3,1,9
532,7,3,4,4,1,2,2,4,1,1,2,2,1,3,1,9
533,7,3,2,4,1,2,2,4,1,1,2,2,1,1,1,8
534,2,14,1,4,1,2,3,4,1,2,2,2,2,3,1,10
535,2,5,1,4,3,2,1,4,1,2,2,2,2,3,1,10
536,7,3,2,4,1,1,3,4,1,1,2,2,1,1,1,8
537,7,3,2,4,1,1,2,4,1,2,2,2,2,3,1,10
538,2,3,2,4,1,2,2,4,1,1,2,2,1,3,1,9
539,7,3,3,4,1,2,2,4,1,1,2,2,1,3,1,9
540,7,3,2,4,1,2,2,4,1,1,2,2,1,3,1,9
541,7,3,2,4,1,2,2,4,1,1,2,2,1,3,1,9
542,7,3,2,4,1,2,2,4,1,1,2,2,1,3,1,9
543,1,2,7,4,2,4,3,4,1,1,2,2,1,1,1,8
544,2,1,2,4,2,2,1,4,1,2,2,2,2,3,1,10
545,1,10,3,4,3,2,1,4,1,2,2,2,2,3,1,10
546,7,1,3,4,3,2,1,4,2,2,2,2,2,3,1,10
547,2,7,2,4,2,2,1,4,1,2,2,2,2,3,1,10
548,7,1,3,4,3,2,1,4,1,2,2,2,2,3,1,10
549,2,14,2,4,2,3,1,4,1,2,2,2,2,3,1,10
550,2,1,1,4,1,2,2,4,2,2,2,2,2,3,1,10
551,2,1,2,4,1,2,2,4,1,2,2,2,2,3,1,10
552,2,1,2,4,1,2,2,4,1,2,2,2,2,3,2,10
553,5,7,4,4,1,3,2,4,1,1,2,2,1,3,2,7
554,7,16,7,4,3,4,2,4,1,2,2,2,2,3,1,10
555,2,3,4,4,2,3,2,4,1,1,2,2,1,3,1,9
556,7,3,3,4,1,2,2,4,1,1,2,2,1,3,1,9
557,1,14,7,4,2,3,2,5,2,2,2,1,1,3,2,11
558,6,1,2,4,1,2,3,4,1,2,2,2,2,3,1,7
559,1,1,7,4,4,3,1,1,1,1,1,1,1,1,2,1
560,1,1,7,4,4,3,1,1,1,1,1,1,1,1,2,1
561,1,1,7,4,4,3,1,1,1,1,1,1,1,1,2,1
562,1,1,7,4,4,3,1,1,1,1,1,1,1,1,2,1
563,1,1,7,4,2,1,5,1,1,1,1,1,1,1,2,1
564,1,7,7,4,2,1,5,1,1,1,1,1,1,1,2,1
565,1,7,7,4,2,1,5,1,1,1,1,1,1,1,2,1
566,7,3,3,4,1,2,2,4,1,1,2,2,1,3,1,9
567,5,12,5,4,1,2,2,4,1,1,2,2,1,3,2,7
568,1,2,5,4,2,1,1,3,1,1,1,2,1,1,2,3
569,7,3,4,4,1,3,2,4,1,1,2,2,1,3,1,9
570,7,3,4,4,1,2,3,4,1,1,2,2,1,3,1,9
571,2,1,1,4,2,2,1,3,1,1,1,2,1,1,2,3
572,7,3,2,4,1,2,3,4,1,1,2,2,1,1,1,8
573,1,1,6,4,2,6,1,1,1,1,1,1,1,1,2,1
574,1,1,6,4,3,4,1,1,1,1,1,1,1,1,2,1
575,1,10,6,4,3,3,1,1,1,1,1,1,1,1,2,1
576,1,7,6,4,3,3,1,1,1,1,1,1,1,1,2,1
577,1,2,5,4,4,3,1,1,1,1,1,1,1,1,2,1
578,1,1,6,4,4,3,1,1,1,1,1,1,1,1,2,1
579,1,1,5,4,4,3,1,1,1,1,1,1,1,1,2,1
580,1,10,6,4,3,3,1,1,1,1,1,1,1,1,2,1
581,1,1,3,4,5,4,1,1,1,1,1,1,1,1,2,1
582,1,1,6,4,3,3,1,1,1,1,1,1,1,1,2,1
583,1,1,6,4,5,5,1,1,1,1,1,1,1,1,2,1
584,1,1,4,4,4,2,1,1,1,1,1,1,1,1,2,1
585,1,1,7,4,4,4,2,1,1,1,1,1,1,1,2,1
586,1,1,4,4,5,5,2,1,1,1,1,1,1,1,2,1
587,1,1,4,4,2,1,4,1,1,1,1,1,1,1,2,1
588,1,1,6,4,1,3,5,1,1,1,1,1,1,1,2,1
589,2,10,1,4,3,2,1,3,1,1,1,2,1,1,2,3
590,2,10,2,4,3,2,1,3,1,1,1,2,1,1,2,3
591,2,10,1,4,2,5,1,4,1,2,2,2,2,3,1,10
592,1,10,5,4,3,2,1,4,1,2,2,2,2,3,1,10
593,2,4,2,4,3,2,1,4,1,2,2,2,2,3,2,10
594,2,7,1,4,2,2,1,4,1,2,2,2,2,3,2,10
595,2,10,2,4,3,2,1,4,1,2,2,2,2,3,1,10
596,1,8,4,4,4,2,2,4,1,1,2,2,1,1,1,8
597,2,3,1,4,1,2,2,4,1,2,2,2,2,3,1,10
598,5,16,4,4,2,3,2,4,1,1,2,2,1,3,2,7
599,1,15,6,4,2,3,2,5,2,2,2,1,1,3,2,11
600,3,6,5,4,2,3,2,5,2,2,2,1,1,3,2,11
601,7,3,7,4,4,6,2,4,1,1,2,2,1,1,1,8
602,1,7,6,4,2,3,2,5,2,2,2,1,1,3,2,11
603,2,10,4,4,2,2,2,5,2,2,2,1,1,3,2,11
604,2,12,1,4,1,2,2,4,1,2,2,2,2,3,2,10
605,2,1,1,4,1,2,3,4,1,2,2,2,2,3,1,10
606,2,7,1,4,1,2,3,4,1,2,2,2,2,3,1,10
607,2,1,1,4,1,2,3,4,1,2,2,2,2,3,1,10
608,1,4,1,4,1,2,3,4,1,2,2,2,2,3,1,10
609,2,1,1,4,1,2,3,4,2,2,2,2,2,3,1,10
610,2,14,1,4,1,2,3,4,1,2,2,2,2,3,1,10
611,2,3,1,4,1,2,3,4,1,2,2,2,2,3,1,10
612,1,2,3,4,3,2,1,3,1,1,1,2,1,1,2,3
613,1,2,4,4,3,1,1,3,1,1,1,2,1,1,2,5
614,2,1,1,4,1,5,1,4,1,2,2,2,2,3,1,10
615,1,1,3,4,1,2,4,1,1,1,1,1,1,1,2,1
616,2,10,1,4,1,2,3,4,1,2,2,2,2,3,2,10
617,2,11,2,4,3,2,1,4,2,2,2,2,2,3,1,10
618,2,1,1,4,3,5,1,3,1,1,2,2,1,4,1,6
619,1,1,11,4,3,2,1,1,1,1,1,1,1,1,2,1
620,7,3,3,4,1,2,2,4,1,1,2,2,1,1,1,8
621,1,10,5,4,1,4,1,2,1,1,2,2,1,4,2,13
622,1,1,4,4,1,2,3,4,1,2,2,2,2,3,1,10
623,2,14,1,4,2,2,1,4,2,2,2,2,2,3,1,10
624,2,3,1,4,3,2,1,4,1,2,2,2,2,3,1,10
625,7,3,7,4,4,6,2,4,1,1,2,2,1,1,1,8
626,2,10,1,4,1,2,3,4,1,2,2,2,2,3,1,10
627,2,1,1,4,1,2,3,4,1,2,2,2,2,3,1,10
628,2,7,1,4,1,2,3,4,1,2,2,2,2,3,1,10
629,2,10,1,4,1,2,3,4,2,2,2,2,2,3,1,10
630,2,1,2,4,1,2,4,4,1,2,2,2,2,3,1,10
631,7,3,2,4,1,2,4,4,1,1,2,2,1,1,1,8
632,7,3,3,4,1,2,5,4,1,1,2,2,1,1,1,8
633,1,1,8,4,4,3,1,1,1,1,1,1,1,1,2,1
634,1,2,5,4,4,3,1,1,1,1,1,1,1,1,2,1
635,1,2,15,4,4,3,1,1,1,1,1,1,1,1,2,1
636,1,1,7,4,3,3,1,1,1,1,1,1,1,1,2,1
637,1,7,5,4,3,4,1,1,1,1,1,1,1,1,2,1
638,1,2,7,4,2,3,1,1,1,1,1,1,1,1,2,1
639,1,1,4,4,3,1,3,1,1,1,1,1,1,1,2,1
640,1,2,5,4,2,1,4,1,1,1,1,1,1,1,2,1
641,1,1,5,4,2,1,4,1,1,1,1,1,1,1,2,1
642,6,9,1,4,3,2,1,3,1,1,1,2,1,1,2,3
643,1,1,2,4,1,1,4,1,1,1,1,1,1,1,2,1
644,1,2,2,4,1,6,1,3,1,1,1,2,1,1,2,3
645,1,10,2,4,3,4,1,3,1,1,1,2,1,1,2,5
646,7,3,7,4,4,6,2,4,1,1,2,2,1,1,1,8
647,7,3,7,4,4,6,2,4,1,1,2,2,1,1,1,8
648,7,3,5,4,1,2,3,4,1,1,2,2,1,1,1,8
649,1,1,1,4,3,6,1,2,1,1,2,2,1,4,1,2
650,2,10,1,4,2,3,1,4,1,2,2,2,2,3,2,10
651,2,1,1,4,3,2,1,4,1,2,2,2,2,3,1,10
652,2,7,1,4,3,2,1,4,1,2,2,2,2,3,1,10
653,7,1,4,4,3,2,1,4,2,2,2,2,2,3,1,10
654,2,3,1,4,2,4,1,3,1,1,2,2,1,4,1,12
655,2,1,6,4,3,5,2,4,1,2,2,2,2,3,1,10
656,1,2,5,4,3,3,2,5,2,2,2,1,1,3,2,11
657,1,2,9,4,3,5,3,5,2,2,2,1,1,3,2,11
658,1,10,9,4,3,5,3,5,2,2,2,1,1,3,2,11
659,2,3,2,4,1,2,3,4,1,2,2,2,2,3,1,10
660,1,1,2,4,3,4,1,2,1,1,2,2,1,2,1,2
661,2,10,1,4,3,2,1,3,1,1,1,2,1,1,2,3
662,5,6,2,4,2,4,1,3,1,1,2,2,1,4,1,6
663,1,1,6,4,1,6,1,1,1,1,1,1,1,1,2,1
664,1,1,17,4,10,4,1,1,1,1,1,1,1,1,2,1
665,1,1,7,4,1,1,1,1,1,1,1,1,1,1,2,1
666,1,1,7,4,4,3,1,1,1,1,1,1,1,1,2,1
667,1,7,5,4,4,3,1,1,1,1,1,1,1,1,2,1
668,1,1,7,4,4,3,1,1,1,1,1,1,1,1,2,1
669,2,6,1,4,4,2,1,1,1,1,1,1,1,1,2,1
670,2,7,2,4,3,2,2,4,1,2,2,2,2,3,1,10
671,1,1,6,4,1,4,4,1,1,1,1,1,1,1,2,1
672,1,1,5,4,1,4,4,1,1,1,1,1,1,1,2,1
673,1,1,7,4,2,1,4,1,1,1,1,1,1,1,2,1
674,2,10,2,4,3,2,1,4,1,2,2,2,2,3,1,10
675,2,14,1,4,3,2,1,4,1,2,2,2,2,3,1,10
676,2,7,2,4,2,3,1,3,1,2,2,2,2,4,1,12
677,1,1,2,4,2,2,1,1,1,1,1,1,1,1,2,1
678,2,1,1,4,3,2,1,4,1,2,2,2,2,3,1,10
679,7,3,3,4,2,2,2,4,1,1,2,2,1,1,1,8
680,2,10,1,4,3,5,1,4,2,2,2,2,2,3,1,10
681,1,2,8,4,3,1,1,3,1,1,1,2,1,1,2,5
682,1,2,5,4,3,1,1,3,1,1,1,2,1,1,2,3
683,5,10,4,4,3,4,1,2,1,1,2,2,1,2,1,2
684,5,10,4,4,3,4,1,2,1,1,2,2,1,2,1,2
685,2,10,1,4,1,2,3,4,2,2,2,2,2,3,1,10
686,1,1,5,4,4,3,1,1,1,1,1,1,1,1,2,1
687,1,8,3,4,3,5,1,2,1,1,2,2,1,2,1,2
688,1,13,2,4,3,2,1,4,1,2,2,2,2,3,1,10
689,1,10,3,4,3,2,1,4,2,2,2,2,2,3,1,10
690,2,14,1,4,2,2,1,4,2,2,2,2,2,3,1,10
691,2,5,2,4,3,2,1,4,1,2,2,2,2,3,1,10
692,1,2,2,4,3,2,1,4,1,2,2,2,2,3,1,10
693,2,14,2,4,3,3,1,4,2,2,2,2,2,3,1,10
694,2,7,2,4,2,3,1,4,2,2,2,2,2,3,1,10
695,1,11,3,4,3,2,1,4,1,2,2,2,2,3,1,10
696,2,5,1,4,3,2,1,4,1,2,2,2,2,3,1,10
697,7,10,4,4,3,2,1,4,1,2,2,2,2,3,1,10
698,1,13,5,4,3,2,2,4,1,2,2,2,2,3,2,10
699,1,4,3,4,4,2,2,4,1,2,2,2,2,3,1,10
700,2,14,2,4,3,2,2,4,1,2,2,2,2,3,1,10
701,1,10,5,4,3,3,2,5,2,2,2,1,1,3,2,11
702,2,1,5,4,1,2,3,5,2,2,2,1,1,3,2,11
703,1,1,5,4,1,2,3,5,2,2,2,1,1,3,2,11
704,1,1,5,4,1,2,3,5,2,2,2,1,1,3,2,11
705,1,1,5,4,1,2,3,5,2,2,2,1,1,3,2,11
706,2,1,2,4,1,2,3,4,2,2,2,2,2,3,1,10
707,2,10,1,4,1,2,3,4,1,2,2,2,2,3,1,10
708,2,10,1,4,1,2,3,4,1,2,2,2,2,3,1,10
709,2,1,1,4,1,2,3,4,1,2,2,2,2,3,1,10
710,2,1,1,4,1,2,3,4,1,2,2,2,2,3,1,10
711,2,1,2,4,1,2,3,4,1,2,2,2,2,3,1,10
712,2,7,2,4,1,2,4,4,1,2,2,2,2,3,1,10
713,1,13,4,4,1,2,4,4,1,2,2,2,2,3,2,10
714,1,1,4,4,1,2,4,4,1,2,2,2,2,3,1,10
715,1,2,4,4,3,5,1,2,1,1,2,2,1,2,1,2
716,1,2,9,4,3,2,1,3,1,1,1,2,1,1,2,5
717,1,1,3,4,3,3,1,1,1,1,1,1,1,1,2,1
718,1,2,5,4,2,2,1,3,1,1,1,2,1,1,2,3
719,1,1,8,4,4,3,1,1,1,1,1,1,1,1,2,1
720,1,1,10,4,3,2,1,1,1,1,1,1,1,1,2,1
721,1,2,8,4,3,2,1,3,1,1,1,2,1,1,2,5
722,1,2,7,4,2,2,1,3,1,1,1,2,1,1,2,3
723,1,10,3,4,3,2,1,3,1,1,1,2,1,1,2,5
724,2,3,2,4,3,2,1,4,1,2,2,2,2,3,1,10
725,2,10,1,4,2,2,1,4,1,2,2,2,2,3,1,10
726,2,10,2,4,3,2,2,4,1,2,2,2,2,3,1,10
727,2,10,2,4,3,2,2,4,1,2,2,2,2,3,1,10
728,2,3,2,4,3,3,2,4,1,2,2,2,2,3,1,10
729,2,10,2,4,3,3,2,4,1,2,2,2,2,3,1,10
730,5,6,6,4,2,3,2,4,1,1,2,2,1,3,2,7
731,2,6,6,4,4,5,2,4,1,2,2,2,2,3,1,10
732,1,3,9,4,1,4,3,5,2,2,2,1,1,3,2,11
733,1,10,9,4,2,5,3,5,2,2,2,1,1,3,2,11
734,2,10,1,4,1,2,3,4,1,2,2,2,2,3,1,10
735,1,10,3,4,1,2,4,4,1,2,2,2,2,3,1,10
736,1,1,8,5,4,3,1,1,1,1,1,1,1,1,2,1
737,1,1,5,5,4,3,1,1,1,1,1,1,1,1,2,1
738,1,1,8,5,4,3,1,1,1,1,1,1,1,1,2,1
739,1,1,7,5,5,8,2,1,1,1,1,1,1,1,2,1
740,1,1,7,5,4,1,2,1,1,1,1,1,1,1,2,1
741,1,2,6,5,3,2,1,3,1,1,1,2,1,1,2,3
742,6,9,2,5,2,3,1,3,1,1,1,2,1,1,2,3
743,1,2,7,5,3,2,1,3,1,1,1,2,1,1,2,5
744,2,12,1,5,2,2,2,3,1,2,2,2,2,4,2,12
745,2,6,5,5,2,4,3,5,2,2,2,1,1,3,2,11
746,2,1,1,5,1,2,3,4,1,2,2,2,2,3,1,10
747,2,7,2,5,1,2,3,4,1,2,2,2,2,3,1,10
748,1,2,5,5,3,2,1,3,1,1,1,2,1,1,2,3
749,1,2,5,5,3,2,1,3,1,1,1,2,1,1,2,3
750,1,1,8,5,3,1,2,1,1,1,1,1,1,1,2,1
751,1,1,8,5,3,1,1,1,1,1,1,1,1,1,2,1
752,1,2,9,5,3,1,1,3,1,1,1,2,1,1,2,5
753,5,6,5,5,3,3,1,3,1,1,2,2,1,2,1,6
754,1,10,9,5,3,5,1,2,1,1,2,2,1,4,2,13
755,5,1,3,5,1,2,2,4,1,1,2,2,1,3,2,7
756,2,1,1,5,2,2,1,5,2,2,2,1,1,3,2,11
757,5,16,4,5,2,2,1,3,1,1,2,2,1,1,1,12
758,1,2,6,5,2,1,5,1,1,1,1,1,1,1,2,1
759,1,10,4,5,3,4,1,2,1,1,2,2,1,2,1,2
760,2,3,1,5,3,2,1,4,1,2,2,2,2,3,1,10
761,2,1,2,5,3,2,1,4,1,2,2,2,2,3,1,10
762,2,5,3,5,3,2,1,4,1,2,2,2,2,3,1,10
763,2,3,2,5,3,2,1,4,1,2,2,2,2,3,1,10
764,2,5,2,5,3,2,1,4,1,2,2,2,2,3,1,10
765,2,4,2,5,3,2,1,4,1,2,2,2,2,3,1,10
766,2,1,2,5,3,2,1,4,2,2,2,2,2,3,1,10
767,2,17,2,5,3,2,1,4,1,2,2,2,2,3,1,10
768,2,14,1,5,1,2,3,4,1,2,2,2,2,3,1,10
769,1,10,12,5,3,5,3,5,2,2,2,1,1,3,2,11
770,2,4,4,5,1,2,4,4,1,2,2,2,2,3,1,10
771,2,3,2,5,1,2,4,4,2,2,2,2,2,3,1,10
772,2,7,2,5,2,2,1,4,1,2,2,2,2,3,1,10
773,1,1,7,5,1,1,3,1,1,1,1,1,1,1,2,1
774,2,1,2,5,3,2,2,4,2,2,2,2,2,3,1,10
775,2,7,1,5,1,2,4,4,2,2,2,2,2,3,1,10
776,2,16,2,5,1,2,4,4,2,2,2,2,2,3,1,10
777,6,9,1,5,3,2,1,3,1,1,1,2,1,1,2,3
778,1,1,1,5,2,4,1,1,1,1,1,1,1,1,2,1
779,1,1,2,5,2,4,1,2,1,1,2,2,1,4,1,2
780,2,1,2,5,2,4,1,3,1,1,2,2,1,4,1,6
781,1,10,5,5,3,2,2,4,1,2,2,2,2,3,1,10
782,1,1,4,5,1,6,1,1,1,1,1,1,1,1,2,1
783,2,13,2,5,3,2,1,4,1,2,2,2,2,3,1,10
784,1,1,4,5,3,2,2,4,2,2,2,2,2,3,1,10
785,1,1,8,5,4,1,2,1,1,1,1,1,1,1,2,1
786,1,1,7,5,1,3,5,1,1,1,1,1,1,1,2,1
787,1,1,6,5,3,2,1,1,1,1,1,1,1,1,2,1
788,1,1,1,5,1,2,3,1,1,1,1,1,1,1,2,1
789,1,5,4,5,3,6,1,2,1,1,2,2,1,2,1,2
790,1,14,1,5,3,2,1,4,1,2,2,2,2,3,1,10
791,1,10,1,5,3,3,1,2,1,1,2,2,1,4,2,13
792,1,1,7,5,3,3,1,1,1,1,1,1,1,1,2,1
793,2,1,2,5,3,5,1,3,1,1,2,2,1,4,1,6
794,1,10,3,5,3,2,1,3,1,1,1,2,1,1,2,5
795,1,2,7,5,3,2,1,3,1,1,1,2,1,1,2,3
796,1,1,6,5,3,7,1,2,1,1,2,2,1,2,1,2
797,5,1,1,5,1,2,2,4,1,1,2,2,1,3,2,7
798,7,1,2,5,1,4,1,4,1,1,2,2,1,1,1,8
799,1,10,3,5,3,4,1,3,1,1,1,2,1,1,2,5
800,2,3,2,5,2,4,1,3,1,1,1,2,1,1,2,3
801,1,6,5,5,1,1,1,5,2,2,2,1,1,3,2,11
802,1,1,7,5,1,1,1,5,2,2,2,1,1,3,2,11
803,1,5,3,5,3,3,1,2,1,1,2,2,1,2,1,2
804,1,1,6,5,4,5,1,2,1,1,2,2,1,2,1,2
805,7,3,4,5,4,1,1,4,1,2,2,2,2,3,1,10
806,1,10,6,5,3,7,1,2,1,1,2,2,1,4,2,13
807,2,10,1,5,2,2,1,4,2,2,2,2,2,3,1,10
808,2,10,2,5,2,2,1,4,1,2,2,2,2,3,1,10
809,2,14,2,5,3,2,1,4,1,2,2,2,2,3,1,10
810,2,3,2,5,3,2,1,4,1,2,2,2,2,3,1,10
811,1,1,3,5,2,3,1,2,1,1,2,2,1,4,2,13
812,2,5,2,5,3,2,1,4,1,2,2,2,2,3,1,10
813,1,8,3,5,3,2,1,4,1,2,2,2,2,3,1,10
814,2,5,2,5,3,2,1,4,1,2,2,2,2,3,1,10
815,2,13,2,5,4,3,1,4,1,2,2,2,2,3,1,10
816,2,3,2,5,3,2,1,4,1,2,2,2,2,3,1,10
817,1,10,4,5,3,2,1,4,1,2,2,2,2,3,2,10
818,2,13,2,5,3,2,1,4,1,2,2,2,2,3,1,10
819,2,7,2,5,3,2,1,4,1,2,2,2,2,3,1,10
820,2,7,3,5,3,2,1,4,1,2,2,2,2,3,1,10
821,2,10,2,5,3,2,1,4,1,2,2,2,2,3,1,10
822,2,1,2,5,3,2,1,4,1,2,2,2,2,3,1,10
823,2,1,2,5,3,2,1,4,1,2,2,2,2,3,1,10
824,2,5,2,5,3,2,1,4,1,2,2,2,2,3,1,10
825,2,8,2,5,3,2,1,4,1,2,2,2,2,3,1,10
826,2,4,2,5,3,2,1,4,1,2,2,2,2,3,1,10
827,1,2,7,5,3,2,1,4,1,2,2,2,2,3,1,10
828,2,1,2,5,3,2,1,4,1,2,2,2,2,3,1,10
829,2,7,3,5,3,2,1,4,1,2,2,2,2,3,1,10
830,2,10,2,5,3,2,2,4,1,2,2,2,2,3,1,10
831,2,1,1,5,2,2,2,4,1,2,2,2,2,3,1,10
832,2,3,2,5,3,2,2,4,1,2,2,2,2,3,1,10
833,1,2,4,5,3,2,2,4,1,2,2,2,2,3,1,10
834,2,3,2,5,3,3,2,4,1,2,2,2,2,3,1,10
835,7,1,5,5,3,2,2,4,1,2,2,2,2,3,1,10
836,1,1,4,5,3,2,2,4,1,2,2,2,2,3,1,10
837,1,13,4,5,3,2,2,4,1,2,2,2,2,3,1,10
838,2,14,3,5,3,2,2,4,1,2,2,2,2,3,1,10
839,1,2,6,5,1,2,2,4,1,1,2,2,1,3,1,9
840,1,10,6,5,3,6,2,2,1,1,2,2,1,2,2,13
841,1,7,3,5,3,2,2,4,1,2,2,2,2,3,1,10
842,1,3,11,5,2,4,2,5,2,2,2,1,1,3,2,11
843,5,6,11,5,2,5,2,5,2,2,2,1,1,3,2,11
844,3,1,5,5,2,4,2,5,2,2,2,1,1,3,2,11
845,1,6,6,5,2,3,2,5,2,2,2,1,1,3,2,11
846,3,6,7,5,2,5,2,5,2,2,2,1,1,3,2,11
847,1,1,5,5,2,4,2,5,2,2,2,1,1,3,2,11
848,3,10,7,5,2,4,2,5,2,2,2,1,1,3,2,11
849,3,2,10,5,3,5,2,5,2,2,2,1,1,3,2,11
850,3,6,10,5,3,5,2,5,2,2,2,1,1,3,2,11
851,1,2,5,5,3,5,2,5,2,2,2,1,1,3,2,11
852,2,3,5,5,2,3,3,5,2,2,2,1,1,3,2,11
853,2,12,10,5,2,3,3,5,2,2,2,1,1,3,2,11
854,1,3,14,5,2,4,3,5,2,2,2,1,1,3,2,11
855,2,3,8,5,2,4,3,5,2,2,2,1,1,3,2,11
856,2,6,5,5,2,3,3,5,2,2,2,1,1,3,2,11
857,1,2,7,5,2,3,3,5,2,2,2,1,1,3,2,11
858,1,10,6,5,2,3,3,5,2,2,2,1,1,3,2,11
859,2,7,2,5,1,2,4,4,1,2,2,2,2,3,1,10
860,2,7,2,5,1,2,4,4,1,2,2,2,2,3,1,10
861,2,7,1,5,1,2,4,4,1,2,2,2,2,3,1,10
862,2,16,1,5,1,2,4,4,1,2,2,2,2,3,1,10
863,2,5,2,5,1,2,4,4,1,2,2,2,2,3,1,10
864,2,12,1,5,1,2,4,4,1,2,2,2,2,3,2,10
865,2,5,2,5,1,2,4,4,1,2,2,2,2,3,1,10
866,2,10,3,5,1,2,4,4,2,2,2,2,2,3,1,10
867,3,1,12,5,3,5,4,5,2,2,2,1,1,3,2,11
868,2,5,2,5,1,2,4,4,1,2,2,2,2,3,1,10
869,5,6,3,5,1,3,2,4,1,1,2,2,1,3,2,7
870,5,1,3,5,2,2,1,4,1,1,2,2,1,3,2,7
871,1,2,2,5,2,4,1,2,1,1,2,2,1,2,1,2
872,1,1,4,5,2,1,4,1,1,1,1,1,1,1,2,1
873,1,10,4,5,3,1,3,3,1,1,1,2,1,1,2,5
874,4,6,2,5,3,5,1,2,1,1,2,2,1,2,1,2
875,1,2,4,5,3,2,1,3,1,1,1,2,1,1,2,3
876,6,9,5,5,2,2,1,3,1,1,1,2,1,1,2,3
877,1,1,3,5,2,1,3,1,1,1,1,1,1,1,2,1
878,6,16,3,5,2,4,1,3,1,2,2,2,2,4,1,12
879,5,1,3,5,2,2,2,4,1,1,2,2,1,3,2,7
880,1,2,4,5,3,2,1,3,1,1,1,2,1,1,2,3
881,5,6,6,5,3,5,1,3,1,1,2,2,1,2,1,6
882,5,6,6,5,3,5,1,3,1,1,2,2,1,2,1,6
883,1,10,11,5,3,2,1,1,1,1,1,1,1,1,2,1
884,5,1,5,5,2,3,1,3,1,1,2,2,1,4,1,12
885,5,6,2,5,2,3,1,3,1,1,2,2,1,4,1,6
886,1,1,4,5,3,3,1,1,1,1,1,1,1,1,2,1
887,5,10,6,5,3,5,1,3,1,1,2,2,1,2,1,6
888,5,6,4,5,4,6,1,3,1,1,2,2,1,4,1,6
889,5,7,2,5,2,4,1,3,1,1,2,2,1,4,1,6
890,5,6,4,5,2,5,1,3,1,1,2,2,1,4,1,6
891,2,1,4,5,1,6,1,1,1,1,1,1,1,1,2,1
892,1,1,1,5,4,3,2,4,1,2,2,2,2,3,1,10
893,1,1,8,5,4,1,2,1,1,1,1,1,1,1,2,1
894,2,10,1,5,3,2,1,3,1,1,1,2,1,1,2,3
895,1,1,12,5,3,8,1,2,1,1,2,2,1,4,2,13
896,1,1,6,5,1,2,2,5,2,2,2,1,1,3,2,11
897,1,1,6,5,1,2,2,5,2,2,2,1,1,3,2,11
898,1,1,6,5,1,2,2,5,2,2,2,1,1,3,2,11
899,1,13,5,5,3,2,2,4,1,2,2,2,2,3,1,10
900,1,13,5,5,3,2,2,4,1,2,2,2,2,3,1,10
901,1,7,6,5,3,2,2,4,1,2,2,2,2,3,1,10
902,1,14,6,5,3,2,2,4,2,2,2,2,2,3,1,10
903,1,1,6,5,3,4,2,5,2,2,2,1,1,3,2,11
904,3,3,5,5,3,3,2,5,2,2,2,1,1,3,2,11
905,2,1,11,5,3,5,3,5,2,2,2,1,1,3,2,11
906,1,1,4,5,2,4,3,5,2,2,2,1,1,3,2,11
907,1,12,13,5,2,4,4,5,2,2,2,1,1,3,2,11
908,1,1,1,5,3,3,1,2,1,1,2,2,1,4,2,13
909,1,1,6,5,4,7,1,2,1,1,2,2,1,2,1,2
910,5,6,3,5,3,5,1,3,1,1,2,2,1,4,1,6
911,2,5,2,5,2,2,2,4,1,2,2,2,2,3,2,7
912,1,6,3,5,3,2,1,4,2,2,2,2,2,3,1,10
913,1,2,4,5,2,2,1,3,1,1,1,2,1,1,2,5
914,1,1,10,5,3,2,1,1,1,1,1,1,1,1,2,1
915,1,2,5,5,3,3,1,1,1,1,1,1,1,1,2,1
916,7,10,3,5,3,5,1,3,1,1,2,2,1,4,1,6
917,3,2,12,5,3,5,2,5,2,2,2,1,1,3,2,11
918,1,10,12,5,3,5,2,5,2,2,2,1,1,3,2,11
919,5,1,3,5,1,2,2,4,1,1,2,2,1,3,2,7
920,1,1,11,5,3,2,1,1,1,1,1,1,1,1,2,1
921,1,1,11,5,3,2,1,1,1,1,1,1,1,1,2,1
922,5,6,5,5,3,5,1,3,1,1,2,2,1,4,1,6
923,1,1,5,5,3,5,1,2,1,1,2,2,1,2,1,2
924,6,9,3,5,2,3,1,3,1,1,2,2,1,4,1,12
925,1,2,8,5,4,4,2,2,1,1,2,2,1,4,2,13
926,2,5,7,5,2,4,2,5,2,2,2,1,1,3,2,11
927,1,6,4,5,2,4,3,5,2,2,2,1,1,3,2,11
928,1,1,3,5,4,7,4,5,2,2,2,1,1,3,2,11
929,1,1,6,5,4,7,4,5,2,2,2,1,1,3,2,11
930,2,10,2,5,2,4,1,3,1,1,1,2,1,1,2,3
931,1,1,10,5,3,2,1,1,1,1,1,1,1,1,2,1
932,1,13,1,5,2,2,1,2,1,1,2,2,1,2,1,2
933,1,12,4,5,4,1,2,1,1,1,1,1,1,1,2,1
934,5,6,20,5,3,5,1,3,1,1,2,2,1,2,1,6
935,1,2,2,6,3,4,1,2,1,1,2,2,1,2,1,2
936,1,1,2,6,3,4,1,2,1,1,2,2,1,2,1,2
937,1,1,12,6,3,2,1,1,1,1,1,1,1,1,2,1
938,5,1,3,6,2,2,2,4,1,1,2,2,1,3,2,7
939,1,16,3,6,4,6,1,2,1,1,2,2,1,2,1,2
940,1,6,8,6,4,6,2,5,2,2,2,1,1,3,2,11
941,1,1,3,6,4,6,1,2,1,1,2,2,1,2,1,2
942,1,1,10,6,4,3,1,1,1,1,1,1,1,1,2,1
943,6,9,2,6,3,3,1,3,1,1,1,2,1,1,2,3
944,1,1,4,6,2,6,1,1,1,1,1,1,1,1,2,1
945,1,1,7,6,3,1,2,1,1,1,1,1,1,1,2,1
946,1,2,3,6,3,4,1,3,1,1,1,2,1,1,2,3
947,5,6,5,6,3,5,1,3,1,1,2,2,1,4,1,6
948,2,1,2,6,3,6,1,3,1,1,2,2,1,4,1,6
949,1,1,2,6,3,5,1,2,1,1,2,2,1,2,1,2
950,1,1,3,6,3,3,1,1,1,1,1,1,1,1,2,1
951,1,1,7,6,3,3,1,1,1,1,1,1,1,1,2,1
952,1,10,6,6,3,3,1,1,1,1,1,1,1,1,2,1
953,1,1,5,6,3,5,1,2,1,1,2,2,1,2,1,2
954,1,10,15,6,4,8,1,2,1,2,2,2,2,4,2,13
955,1,1,6,6,3,2,1,1,1,1,1,1,1,1,2,1
956,1,2,7,6,3,1,2,1,1,1,1,1,1,1,2,1
957,7,12,1,6,2,2,2,4,1,1,2,2,1,3,2,7
958,2,10,3,6,3,2,2,4,1,2,2,2,2,3,1,10
959,2,3,3,6,3,3,2,4,1,2,2,2,2,3,2,10
960,2,10,1,6,3,3,2,4,1,2,2,2,2,3,1,10
961,1,1,10,6,2,4,2,2,1,2,2,2,2,4,2,13
962,2,6,2,6,3,4,2,4,1,2,2,2,2,3,2,10
963,3,10,9,6,3,3,3,5,2,2,2,1,1,3,2,11
964,1,3,12,6,3,5,3,5,2,2,2,1,1,3,2,11
965,1,3,12,6,3,5,3,5,2,2,2,1,1,3,2,11
966,1,13,6,6,2,3,3,5,2,2,2,1,1,3,2,11
967,1,1,9,6,3,5,3,5,2,2,2,1,1,3,2,11
968,1,3,11,6,3,5,3,5,2,2,2,1,1,3,2,11
969,7,13,7,6,2,4,3,5,2,2,2,1,1,3,2,11
970,1,5,13,6,3,3,3,5,2,2,2,1,1,3,2,11
971,2,13,8,6,2,3,3,5,2,2,2,1,1,3,2,11
972,7,3,11,6,2,3,3,5,2,2,2,1,1,3,2,11
973,1,10,10,6,2,5,3,5,2,2,2,1,1,3,2,11
974,1,10,10,6,2,4,3,5,2,2,2,1,1,3,2,11
975,1,6,8,6,2,4,3,5,2,2,2,1,1,3,2,11
976,1,1,12,6,2,4,3,5,2,2,2,1,1,3,2,11
977,1,1,11,6,2,4,3,5,2,2,2,1,1,3,2,11
978,1,7,12,6,2,4,3,5,2,2,2,1,1,3,2,11
979,3,6,9,6,2,3,3,5,2,2,2,1,1,3,2,11
980,1,10,7,6,2,3,3,5,2,2,2,1,1,3,2,11
981,1,6,11,6,2,5,3,5,2,2,2,1,1,3,2,11
982,1,10,11,6,2,4,3,5,2,2,2,1,1,3,2,11
983,1,3,11,6,2,4,3,5,2,2,2,1,1,3,2,11
984,1,10,8,6,2,4,4,5,2,2,2,1,1,3,2,11
985,2,15,9,6,2,4,4,5,2,2,2,1,1,3,2,11
986,1,7,12,6,2,4,4,5,2,2,2,1,1,3,2,11
987,2,14,3,6,1,2,4,4,1,2,2,2,2,3,1,10
988,5,6,5,6,3,5,1,3,1,1,2,2,1,2,1,6
989,1,2,5,6,2,1,4,1,1,1,1,1,1,1,2,1
990,1,1,2,6,3,4,1,2,1,1,2,2,1,2,1,2
991,1,1,6,6,4,3,1,1,1,1,1,1,1,1,2,1
992,5,1,4,6,2,3,2,4,1,1,2,2,1,3,2,7
993,1,1,27,6,3,1,2,1,1,1,1,1,1,1,2,1
994,7,10,3,6,3,5,1,3,1,1,2,2,1,4,1,6
995,7,6,3,6,3,5,1,3,1,1,2,2,1,4,1,6
996,7,6,3,6,3,5,1,3,1,1,2,2,1,4,1,6
997,5,5,6,6,3,6,1,3,1,1,2,2,1,4,1,6
998,2,7,2,6,3,6,1,3,1,1,2,2,1,4,1,6
999,5,6,2,6,3,6,1,3,1,1,2,2,1,4,1,6
1000,1,5,1,6,2,3,1,3,2,1,2,2,1,4,1,12
1001,1,1,7,6,3,3,1,1,1,1,1,1,1,1,2,1
1002,1,1,16,6,4,8,1,2,1,1,2,2,1,2,2,13
1003,7,10,2,6,2,3,1,2,1,2,2,2,2,4,2,13
1004,1,1,15,6,5,6,2,2,1,1,2,2,1,4,2,13
1005,2,6,8,6,2,4,2,5,2,2,2,1,1,3,2,11
1006,5,12,3,6,2,4,3,5,2,2,2,1,1,3,2,11
1007,1,2,3,6,2,3,3,5,2,2,2,1,1,3,2,11
1008,4,10,2,6,3,1,5,2,1,1,2,2,1,2,1,2
1009,1,1,5,6,4,5,1,1,1,1,1,1,1,1,2,1
1010,7,1,2,6,1,2,3,4,1,1,2,2,1,1,1,8
1011,1,2,2,6,3,5,1,3,1,1,2,2,1,4,1,6
1012,4,12,1,6,3,4,1,2,1,1,2,2,1,2,1,2
1013,1,1,6,6,3,4,1,1,1,1,1,1,1,1,2,1
1014,1,1,6,6,3,4,1,1,1,1,1,1,1,1,2,1
1015,1,2,5,6,3,3,1,3,1,1,1,2,1,1,2,5
1016,4,1,3,6,3,5,1,2,1,1,2,2,1,2,1,2
1017,1,1,2,6,3,5,1,2,1,1,2,2,1,2,1,2
1018,1,1,4,6,3,4,1,2,1,1,2,2,1,2,1,2
1019,4,16,3,6,3,5,1,2,1,1,2,2,1,2,1,2
1020,2,12,7,6,3,4,2,5,2,2,2,1,1,3,2,11
1021,1,3,12,6,2,4,2,5,2,2,2,1,1,3,2,11
1022,1,1,9,6,2,5,2,5,2,2,2,1,1,3,2,11
1023,1,1,9,6,3,5,2,5,2,2,2,1,1,3,2,11
1024,3,10,8,6,2,5,2,5,2,2,2,1,1,3,2,11
1025,1,2,10,6,3,4,2,5,2,2,2,1,1,3,2,11
1026,1,3,8,6,3,5,2,5,2,2,2,1,1,3,2,11
1027,1,10,9,6,2,4,2,5,2,2,2,1,1,3,2,11
1028,1,10,10,6,3,4,2,5,2,2,2,1,1,3,2,11
1029,1,10,9,6,2,4,2,5,2,2,2,1,1,3,2,11
1030,1,5,10,6,3,5,2,5,2,2,2,1,1,3,2,11
1031,2,5,9,6,3,5,2,5,2,2,2,1,1,3,2,11
1032,3,10,9,6,3,5,2,5,2,2,2,1,1,3,2,11
1033,3,6,10,6,3,4,2,5,2,2,2,1,1,3,2,11
1034,1,2,5,6,3,5,2,5,2,2,2,1,1,3,2,11
1035,7,3,9,6,2,5,3,5,2,2,2,1,1,3,2,11
1036,2,6,6,6,3,4,3,5,2,2,2,1,1,3,2,11
1037,2,6,6,6,3,4,3,5,2,2,2,1,1,3,2,11
1038,1,3,10,6,3,4,3,5,2,2,2,1,1,3,2,11
1039,1,2,7,6,2,4,3,5,2,2,2,1,1,3,2,11
1040,7,3,10,6,3,5,3,5,2,2,2,1,1,3,2,11
1041,1,1,9,6,3,5,3,5,2,2,2,1,1,3,2,11
1042,1,2,10,6,3,5,3,5,2,2,2,1,1,3,2,11
1043,1,3,10,6,3,5,3,5,2,2,2,1,1,3,2,11
1044,3,10,9,6,3,4,3,5,2,2,2,1,1,3,2,11
1045,1,1,12,6,3,5,3,5,2,2,2,1,1,3,2,11
1046,7,3,10,6,3,5,3,5,2,2,2,1,1,3,2,11
1047,7,3,10,6,3,5,3,5,2,2,2,1,1,3,2,11
1048,7,3,10,6,3,5,3,5,2,2,2,1,1,3,2,11
1049,3,3,10,6,3,5,3,5,2,2,2,1,1,3,2,11
1050,7,3,10,6,3,5,3,5,2,2,2,1,1,3,2,11
1051,1,3,10,6,3,5,3,5,2,2,2,1,1,3,2,11
1052,1,10,9,6,3,4,3,5,2,2,2,1,1,3,2,11
1053,1,10,8,6,4,5,3,5,2,2,2,1,1,3,2,11
1054,3,6,10,6,3,5,3,5,2,2,2,1,1,3,2,11
1055,1,10,10,6,3,5,3,5,2,2,2,1,1,3,2,11
1056,1,10,10,6,3,5,3,5,2,2,2,1,1,3,2,11
1057,1,1,11,6,3,5,3,5,2,2,2,1,1,3,2,11
1058,3,6,8,6,2,5,3,5,2,2,2,1,1,3,2,11
1059,7,3,10,6,3,5,3,5,2,2,2,1,1,3,2,11
1060,3,13,10,6,3,5,3,5,2,2,2,1,1,3,2,11
1061,1,6,10,6,3,4,3,5,2,2,2,1,1,3,2,11
1062,7,3,10,6,3,5,3,5,2,2,2,1,1,3,2,11
1063,3,10,8,6,3,5,3,5,2,2,2,1,1,3,2,11
1064,7,3,9,6,3,5,3,5,2,2,2,1,1,3,2,11
1065,1,3,9,6,3,5,3,5,2,2,2,1,1,3,2,11
1066,1,7,10,6,3,4,3,5,2,2,2,1,1,3,2,11
1067,1,7,8,6,3,4,3,5,2,2,2,1,1,3,2,11
1068,7,3,10,6,3,5,3,5,2,2,2,1,1,3,2,11
1069,1,10,9,6,3,4,3,5,2,2,2,1,1,3,2,11
1070,1,6,11,6,3,4,3,5,2,2,2,1,1,3,2,11
1071,1,3,11,6,3,4,3,5,2,2,2,1,1,3,2,11
1072,7,3,7,6,2,4,3,5,2,2,2,1,1,3,2,11
1073,7,3,11,6,3,4,3,5,2,2,2,1,1,3,2,11
1074,3,7,11,6,3,5,3,5,2,2,2,1,1,3,2,11
1075,1,1,11,6,3,5,3,5,2,2,2,1,1,3,2,11
1076,1,1,8,6,2,5,3,5,2,2,2,1,1,3,2,11
1077,1,3,11,6,2,4,3,5,2,2,2,1,1,3,2,11
1078,1,3,11,6,2,4,3,5,2,2,2,1,1,3,2,11
1079,2,5,10,6,3,4,3,5,2,2,2,1,1,3,2,11
1080,2,6,9,6,3,5,3,5,2,2,2,1,1,3,2,11
1081,1,3,11,6,3,3,3,5,2,2,2,1,1,3,2,11
1082,7,3,10,6,2,3,3,5,2,2,2,1,1,3,2,11
1083,7,3,10,6,2,3,3,5,2,2,2,1,1,3,2,11
1084,1,10,10,6,3,5,3,5,2,2,2,1,1,3,2,11
1085,1,10,10,6,3,5,3,5,2,2,2,1,1,3,2,11
1086,1,13,8,6,2,5,3,5,2,2,2,1,1,3,2,11
1087,7,3,11,6,3,5,3,5,2,2,2,1,1,3,2,11
1088,2,6,8,6,2,4,3,5,2,2,2,1,1,3,2,11
1089,2,6,8,6,2,4,3,5,2,2,2,1,1,3,2,11
1090,1,10,7,6,2,4,3,5,2,2,2,1,1,3,2,11
1091,1,6,9,6,2,4,3,5,2,2,2,1,1,3,2,11
1092,7,3,11,6,4,6,3,5,2,2,2,1,1,3,2,11
1093,2,6,6,6,2,3,3,5,2,2,2,1,1,3,2,11
1094,1,1,10,6,2,3,3,5,2,2,2,1,1,3,2,11
1095,1,1,7,6,2,4,3,5,2,2,2,1,1,3,2,11
1096,1,10,4,6,2,5,3,5,2,2,2,1,1,3,2,11
1097,1,1,11,6,3,5,3,5,2,2,2,1,1,3,2,11
1098,1,3,11,6,3,5,3,5,2,2,2,1,1,3,2,11
1099,3,10,11,6,3,4,3,5,2,2,2,1,1,3,2,11
1100,3,7,9,6,2,4,3,5,2,2,2,1,1,3,2,11
1101,1,3,10,6,2,3,3,5,2,2,2,1,1,3,2,11
1102,2,6,7,6,2,5,3,5,2,2,2,1,1,3,2,11
1103,2,12,11,6,3,5,3,5,2,2,2,1,1,3,2,11
1104,7,3,9,6,2,5,3,5,2,2,2,1,1,3,2,11
1105,7,3,10,6,2,4,3,5,2,2,2,1,1,3,2,11
1106,1,2,12,6,3,5,3,5,2,2,2,1,1,3,2,11
1107,2,6,8,6,2,3,3,5,2,2,2,1,1,3,2,11
1108,1,6,9,6,2,3,3,5,2,2,2,1,1,3,2,11
1109,1,8,10,6,2,3,3,5,2,2,2,1,1,3,2,11
1110,3,14,9,6,3,3,3,5,2,2,2,1,1,3,2,11
1111,3,15,9,6,3,4,3,5,2,2,2,1,1,3,2,11
1112,1,3,10,6,2,4,3,5,2,2,2,1,1,3,2,11
1113,1,2,9,6,2,4,3,5,2,2,2,1,1,3,2,11
1114,1,1,7,6,2,5,3,5,2,2,2,1,1,3,2,11
1115,7,3,10,6,4,5,3,5,2,2,2,1,1,3,2,11
1116,1,10,8,6,2,3,3,5,2,2,2,1,1,3,2,11
1117,1,1,8,6,2,4,3,5,2,2,2,1,1,3,2,11
1118,1,2,10,6,2,5,3,5,2,2,2,1,1,3,2,11
1119,3,5,6,6,2,3,3,5,2,2,2,1,1,3,2,11
1120,3,1,14,6,3,5,3,5,2,2,2,1,1,3,2,11
1121,7,3,7,6,2,3,3,5,2,2,2,1,1,3,2,11
1122,7,3,7,6,2,3,3,5,2,2,2,1,1,3,2,11
1123,1,10,9,6,2,3,3,5,2,2,2,1,1,3,2,11
1124,1,1,9,6,2,3,3,5,2,2,2,1,1,3,2,11
1125,1,5,10,6,2,3,3,5,2,2,2,1,1,3,2,11
1126,3,18,9,6,2,4,3,5,2,2,2,1,1,3,2,11
1127,3,18,9,6,2,4,3,5,2,2,2,1,1,3,2,11
1128,1,10,7,6,2,5,3,5,2,2,2,1,1,3,2,11
1129,1,12,7,6,2,5,3,5,2,2,2,1,1,3,2,11
1130,1,3,10,6,2,3,3,5,2,2,2,1,1,3,2,11
1131,3,10,10,6,2,4,3,5,2,2,2,1,1,3,2,11
1132,1,6,13,6,2,4,3,5,2,2,2,1,1,3,2,11
1133,2,1,9,6,2,3,3,5,2,2,2,1,1,3,2,11
1134,1,1,9,6,2,4,3,5,2,2,2,1,1,3,2,11
1135,1,1,12,6,2,5,3,5,2,2,2,1,1,3,2,11
1136,1,10,12,6,2,5,3,5,2,2,2,1,1,3,2,11
1137,1,1,10,6,2,5,3,5,2,2,2,1,1,3,2,11
1138,2,6,7,6,2,3,3,5,2,2,2,1,1,3,2,11
1139,1,3,13,6,2,4,3,5,2,2,2,1,1,3,2,11
1140,1,3,13,6,2,4,3,5,2,2,2,1,1,3,2,11
1141,2,12,12,6,3,5,3,5,2,2,2,1,1,3,2,11
1142,1,5,11,6,2,3,3,5,2,2,2,1,1,3,2,11
1143,1,1,8,6,2,3,3,5,2,2,2,1,1,3,2,11
1144,2,12,8,6,2,4,3,5,2,2,2,1,1,3,2,11
1145,3,12,6,6,2,4,3,5,2,2,2,1,1,3,2,11
1146,2,10,9,6,2,5,3,5,2,2,2,1,1,3,2,11
1147,2,10,9,6,2,5,3,5,2,2,2,1,1,3,2,11
1148,1,1,10,6,2,3,3,5,2,2,2,1,1,3,2,11
1149,1,10,10,6,2,3,3,5,2,2,2,1,1,3,2,11
1150,1,2,12,6,2,4,3,5,2,2,2,1,1,3,2,11
1151,1,3,9,6,2,5,3,5,2,2,2,1,1,3,2,11
1152,3,10,10,6,2,5,3,5,2,2,2,1,1,3,2,11
1153,1,3,8,6,2,3,3,5,2,2,2,1,1,3,2,11
1154,2,10,10,6,3,4,4,5,2,2,2,1,1,3,2,11
1155,1,6,7,6,2,5,4,5,2,2,2,1,1,3,2,11
1156,2,10,11,6,2,5,4,5,2,2,2,1,1,3,2,11
1157,2,12,11,6,2,5,4,5,2,2,2,1,1,3,2,11
1158,1,3,14,6,4,4,4,5,2,2,2,1,1,3,2,11
1159,3,6,8,6,2,3,4,5,2,2,2,1,1,3,2,11
1160,1,5,8,6,2,3,4,5,2,2,2,1,1,3,2,11
1161,1,2,8,6,2,3,4,5,2,2,2,1,1,3,2,11
1162,1,6,6,6,3,4,4,5,2,2,2,1,1,3,2,11
1163,7,3,10,6,2,4,4,5,2,2,2,1,1,3,2,11
1164,3,14,11,6,2,5,4,5,2,2,2,1,1,3,2,11
1165,1,1,11,6,2,4,4,5,2,2,2,1,1,3,2,11
1166,1,10,9,6,2,4,4,5,2,2,2,1,1,3,2,11
1167,1,1,12,6,3,3,4,5,2,2,2,1,1,3,2,11
1168,1,10,12,6,2,10,4,5,2,2,2,1,1,3,2,11
1169,1,7,11,6,2,5,4,5,2,2,2,1,1,3,2,11
1170,1,8,11,6,3,4,4,5,2,2,2,1,1,3,2,11
1171,2,4,11,6,3,2,4,5,2,2,2,1,1,3,2,11
1172,1,1,12,6,2,3,4,5,2,2,2,1,1,3,2,11
1173,7,3,9,6,2,5,4,5,2,2,2,1,1,3,2,11
1174,7,3,9,6,2,5,4,5,2,2,2,1,1,3,2,11
1175,1,13,8,6,2,5,4,5,2,2,2,1,1,3,2,11
1176,7,3,13,6,2,4,4,5,2,2,2,1,1,3,2,11
1177,1,8,11,6,3,5,4,5,2,2,2,1,1,3,2,11
1178,1,3,11,6,2,4,4,5,2,2,2,1,1,3,2,11
1179,1,3,11,6,2,4,4,5,2,2,2,1,1,3,2,11
1180,1,10,1,6,5,10,6,5,2,2,2,1,1,3,2,11
1181,1,2,7,6,4,3,1,1,1,1,1,1,1,1,2,1
1182,5,1,2,6,1,3,2,4,1,1,2,2,1,3,2,7
1183,1,1,3,6,4,4,1,1,1,1,1,1,1,1,2,1
1184,1,1,7,6,1,6,2,1,1,1,1,1,1,1,2,1
1185,1,1,11,6,4,3,1,1,1,1,1,1,1,1,2,1
1186,2,1,2,6,2,2,2,4,1,2,2,2,2,3,1,10
1187,1,1,3,6,4,5,1,2,1,1,2,2,1,2,1,2
1188,5,5,2,6,3,5,1,3,1,1,2,2,1,4,1,6
1189,5,6,5,6,3,5,1,3,1,1,2,2,1,4,1,6
1190,6,9,2,6,3,3,1,3,1,1,1,2,1,1,2,3
1191,5,10,2,6,4,5,1,2,1,1,2,2,1,2,1,2
1192,1,1,7,6,3,4,2,5,2,2,2,1,1,3,2,11
1193,1,3,10,6,3,5,3,5,2,2,2,1,1,3,2,11
1194,1,1,2,6,2,4,3,5,2,2,2,1,1,3,2,11
1195,1,1,10,6,3,5,3,5,2,2,2,1,1,3,2,11
1196,1,12,9,6,3,4,3,5,2,2,2,1,1,3,2,11
1197,1,1,10,6,2,4,4,5,2,2,2,1,1,3,2,11
1198,5,7,8,6,3,5,2,3,1,1,2,2,1,4,1,12
1199,1,5,3,6,3,6,1,2,1,1,2,2,1,2,1,2
1200,5,6,5,6,3,5,1,3,1,1,2,2,1,4,1,6
1201,1,1,7,6,1,3,4,1,1,1,1,1,1,1,2,1
1202,1,2,11,6,1,6,1,3,1,1,1,2,1,1,2,5
1203,2,3,3,6,2,4,1,3,1,1,1,2,1,1,2,3
1204,1,10,4,6,4,3,1,2,1,1,2,2,1,2,1,2
1205,1,1,2,6,4,5,1,2,1,1,2,2,1,2,1,2
1206,1,1,3,6,4,5,1,2,1,1,2,2,1,2,1,2
1207,1,1,3,6,4,5,1,2,1,1,2,2,1,2,1,2
1208,1,8,1,6,2,4,1,3,1,1,2,2,1,4,1,12
1209,1,10,4,6,3,4,1,3,1,1,1,2,1,1,2,3
1210,1,1,4,6,3,3,1,1,1,1,1,1,1,1,2,1
1211,4,1,1,6,3,4,1,2,1,1,2,2,1,2,1,2
1212,1,1,4,7,4,4,1,2,1,1,2,2,1,2,2,2
1213,1,1,5,7,4,5,1,2,1,1,2,2,1,2,1,2
1214,6,9,3,7,2,3,1,3,1,1,2,2,1,4,1,12
1215,1,7,6,7,2,1,4,1,1,1,1,1,1,1,2,1
1216,7,3,5,7,3,6,1,3,1,1,2,2,1,4,1,6
1217,5,7,5,7,3,6,1,3,1,1,2,2,1,4,1,6
1218,5,6,5,7,3,5,1,3,1,1,2,2,1,4,1,6
1219,1,1,3,7,3,4,1,2,1,1,2,2,1,2,1,2
1220,1,2,4,7,3,5,1,2,1,1,2,2,1,2,1,2
1221,2,7,8,7,3,2,1,4,1,2,2,2,2,3,2,10
1222,2,14,2,7,3,2,2,4,1,2,2,2,2,3,1,10
1223,2,15,2,7,3,2,2,4,1,2,2,2,2,3,1,10
1224,7,3,6,7,2,4,2,3,1,1,2,2,1,4,1,12
1225,2,14,3,7,3,2,2,4,1,2,2,2,2,3,1,10
1226,2,14,3,7,3,3,2,4,1,2,2,2,2,3,1,10
1227,2,10,3,7,3,3,2,4,1,2,2,2,2,3,1,10
1228,7,3,9,7,2,4,2,3,1,1,2,2,1,4,1,12
1229,2,1,2,7,3,4,2,4,1,2,2,2,2,3,2,10
1230,2,1,2,7,3,4,2,4,1,2,2,2,2,3,2,10
1231,2,10,3,7,3,4,2,4,1,2,2,2,2,3,1,10
1232,2,10,2,7,4,3,2,4,1,2,2,2,2,3,1,10
1233,2,7,2,7,4,3,2,4,1,2,2,2,2,3,1,10
1234,1,3,3,7,4,4,2,4,1,2,2,2,2,3,2,10
1235,2,12,3,7,3,3,2,4,1,2,2,2,2,3,1,10
1236,1,1,3,7,3,4,2,5,2,2,2,1,1,3,2,11
1237,2,14,2,7,1,1,2,4,1,2,2,2,2,3,1,10
1238,2,7,2,7,3,3,2,4,1,2,2,2,2,3,1,10
1239,1,17,9,7,2,4,2,5,2,2,2,1,1,3,2,11
1240,1,16,10,7,2,4,2,5,2,2,2,1,1,3,2,11
1241,2,10,2,7,3,4,2,4,1,2,2,2,2,3,2,10
1242,1,3,1,7,2,3,3,4,1,2,2,2,2,3,2,10
1243,7,3,10,7,2,4,4,5,2,2,2,1,1,3,2,11
1244,2,12,2,7,1,2,4,4,2,2,2,2,2,3,1,10
1245,2,7,3,7,2,3,4,4,1,2,2,2,2,3,1,10
1246,2,7,3,7,1,2,4,4,1,2,2,2,2,3,1,10
1247,1,5,5,7,4,7,1,2,1,1,2,2,1,2,1,2
1248,1,1,6,7,3,5,1,2,1,1,2,2,1,2,1,2
1249,1,1,11,7,3,3,1,1,1,1,1,1,1,1,2,1
1250,5,7,4,7,3,5,1,3,1,1,2,2,1,4,1,6
1251,1,10,1,7,3,2,2,2,1,1,2,2,1,4,2,13
1252,8,1,5,7,3,3,1,3,1,1,1,2,1,1,2,3
1253,1,5,4,7,3,6,1,2,1,1,2,2,1,2,1,2
1254,1,5,4,7,3,6,1,2,1,1,2,2,1,2,1,2
1255,4,5,2,7,3,5,1,2,1,1,2,2,1,2,1,2
1256,4,5,1,7,3,5,1,2,1,1,2,2,1,2,1,2
1257,1,10,6,7,4,3,1,1,1,1,1,1,1,1,2,1
1258,1,2,1,7,3,3,1,3,1,1,1,2,1,1,2,5
1259,1,1,8,7,4,3,1,1,1,1,1,1,1,1,2,1
1260,1,10,7,7,3,4,1,1,1,1,1,1,1,1,2,1
1261,1,1,7,7,1,3,5,1,1,1,1,1,1,1,2,1
1262,1,7,4,7,2,5,3,5,2,2,2,1,1,3,2,11
1263,5,6,3,7,3,5,1,3,1,1,2,2,1,4,1,6
1264,5,5,7,7,3,5,1,3,1,1,2,2,1,4,1,6
1265,5,7,6,7,3,6,1,3,1,1,2,2,1,4,1,6
1266,1,5,6,7,4,5,1,2,1,1,2,2,1,2,1,2
1267,1,1,7,7,1,3,5,1,1,1,1,1,1,1,2,1
1268,5,1,3,7,2,3,2,4,1,2,2,2,2,3,2,7
1269,1,1,8,7,5,5,2,2,1,1,2,2,1,4,2,13
1270,2,14,3,7,3,2,2,4,1,2,2,2,2,3,2,10
1271,2,10,2,7,3,3,2,4,1,2,2,2,2,3,1,10
1272,2,1,2,7,2,3,2,4,1,2,2,2,2,3,2,10
1273,2,14,4,7,3,3,2,4,1,2,2,2,2,3,1,10
1274,1,7,4,7,3,3,2,4,1,2,2,2,2,3,1,10
1275,1,1,4,7,3,3,2,4,1,2,2,2,2,3,1,10
1276,2,1,3,7,3,3,2,4,1,2,2,2,2,3,1,10
1277,2,14,2,7,3,3,2,4,1,2,2,2,2,3,1,10
1278,2,1,2,7,3,5,2,4,1,2,2,2,2,3,2,10
1279,2,10,3,7,3,3,2,4,1,2,2,2,2,3,1,10
1280,2,10,2,7,3,4,2,4,1,2,2,2,2,3,2,10
1281,2,1,3,7,3,3,2,4,1,2,2,2,2,3,1,10
1282,2,10,4,7,3,3,2,4,1,2,2,2,2,3,1,10
1283,2,10,4,7,3,4,2,4,1,2,2,2,2,3,2,10
1284,2,3,2,7,3,3,2,4,2,2,2,2,2,3,1,10
1285,2,1,4,7,3,4,2,4,1,2,2,2,2,3,1,10
1286,2,3,2,7,3,4,2,4,1,2,2,2,2,3,2,10
1287,2,10,2,7,2,3,3,4,2,2,2,2,2,3,2,10
1288,2,7,2,7,2,3,4,4,1,2,2,2,2,3,1,10
1289,1,10,3,7,2,3,4,4,1,2,2,2,2,3,2,10
1290,2,1,2,7,2,3,4,4,1,2,2,2,2,3,2,10
1291,1,1,3,7,4,5,1,2,1,1,2,2,1,2,1,2
1292,1,1,7,7,4,2,1,1,1,1,1,1,1,1,2,1
1293,5,6,5,7,3,5,1,3,1,1,2,2,1,1,1,6
1294,6,9,2,7,3,4,1,3,1,1,1,2,1,1,2,3
1295,1,2,5,7,4,6,1,2,1,1,2,2,1,2,1,2
1296,8,16,3,7,2,3,2,4,1,1,2,2,1,3,2,7
1297,1,1,7,7,4,3,1,1,1,1,1,1,1,1,2,1
1298,1,1,11,7,5,6,2,2,1,1,2,2,1,4,2,13
1299,1,1,4,7,2,2,4,1,1,1,1,1,1,1,2,1
1300,1,1,12,7,3,6,1,2,1,2,2,2,2,4,2,13
1301,7,10,6,7,3,5,1,3,1,1,2,2,1,4,1,6
1302,1,1,9,7,1,4,3,1,1,1,1,1,1,1,2,1
1303,3,1,2,7,1,6,3,5,2,2,2,1,1,3,2,11
1304,1,1,10,7,3,1,6,2,1,1,2,2,1,4,2,13
1305,5,6,6,7,3,6,1,3,1,1,2,2,1,4,1,6
1306,1,1,5,7,3,4,1,1,1,1,1,1,1,1,2,1
1307,1,1,4,7,4,1,2,1,1,1,1,1,1,1,2,1
1308,1,1,4,7,4,3,1,1,1,1,1,1,1,1,2,1
1309,1,10,1,7,3,3,1,3,1,1,1,2,1,1,2,5
1310,2,12,5,7,3,5,2,4,1,2,2,2,2,3,1,10
1311,2,12,1,7,2,3,4,4,1,2,2,2,2,3,1,10
1312,4,7,2,7,3,5,1,2,1,1,2,2,1,2,1,2
1313,1,1,5,7,4,6,1,2,1,1,2,2,1,2,1,2
1314,1,2,5,7,4,6,1,2,1,1,2,2,1,2,1,2
1315,1,1,3,7,4,5,1,2,1,1,2,2,1,2,1,2
1316,1,5,4,7,3,5,1,2,1,1,2,2,1,2,1,2
1317,4,1,2,7,3,5,1,2,1,1,2,2,1,2,1,2
1318,1,1,7,7,3,4,1,2,1,1,2,2,1,2,1,2
1319,1,1,7,7,3,4,1,2,1,1,2,2,1,2,1,2
1320,1,1,1,7,3,4,1,2,1,1,2,2,1,2,1,2
1321,5,1,4,7,2,3,2,4,1,1,2,2,1,3,2,7
1322,4,7,1,7,3,4,1,2,1,1,2,2,1,2,1,2
1323,4,7,1,7,3,4,1,2,1,1,2,2,1,2,1,2
1324,1,5,3,7,4,6,1,2,1,1,2,2,1,2,1,2
1325,1,10,19,7,4,8,1,2,1,2,2,2,2,4,2,13
1326,1,12,12,7,4,5,1,2,1,1,2,2,1,4,2,13
1327,2,10,2,7,2,3,3,4,1,2,2,2,2,3,2,10
1328,1,1,2,7,3,5,1,2,1,1,2,2,1,4,1,2
1329,1,2,2,7,3,3,1,4,1,2,2,2,2,3,1,10
1330,1,1,12,7,4,3,1,1,1,1,1,1,1,1,2,1
1331,5,1,6,7,3,6,1,3,1,1,2,2,1,4,1,6
1332,1,1,6,7,4,3,1,1,1,1,1,1,1,1,2,1
1333,4,1,1,7,3,2,1,2,1,1,2,2,1,2,1,2
1334,1,16,9,7,4,4,1,1,1,1,1,1,1,1,2,1
1335,5,1,4,7,3,5,1,3,1,1,2,2,1,4,1,6
1336,1,10,12,8,4,5,1,2,1,1,2,2,1,4,2,13
1337,1,1,5,8,1,4,4,2,1,1,2,2,1,4,2,13
1338,1,8,8,8,3,4,1,2,1,1,2,2,1,2,1,2
1339,1,10,9,8,4,6,1,2,1,1,2,2,1,2,1,2
1340,2,1,5,8,4,2,1,1,1,1,1,1,1,1,2,1
1341,1,2,5,8,2,1,6,1,1,1,1,1,1,1,2,1
1342,1,1,3,8,3,5,1,2,1,1,2,2,1,2,1,2
1343,2,1,6,8,2,3,2,5,2,2,2,1,1,3,2,11
1344,1,10,6,8,3,8,1,2,1,1,2,2,1,2,1,2
1345,6,9,4,8,2,3,2,3,1,2,2,2,2,4,1,12
1346,1,10,6,8,2,4,2,5,2,2,2,1,1,3,2,11
1347,1,5,3,8,4,7,1,2,1,1,2,2,1,2,1,2
1348,4,16,2,8,3,3,1,2,1,1,2,2,1,2,1,2
1349,5,6,6,8,2,5,1,3,1,1,2,2,1,4,1,12
1350,1,8,4,8,4,5,1,2,1,1,2,2,1,2,1,2
1351,1,8,4,8,4,5,1,2,1,1,2,2,1,2,1,2
1352,1,8,3,8,4,5,1,2,1,1,2,2,1,2,1,2
1353,1,1,5,8,2,3,2,2,1,1,2,2,1,2,1,2
1354,4,1,2,8,3,6,1,2,1,1,2,2,1,2,1,2
1355,1,1,2,8,4,4,1,2,1,1,2,2,1,4,2,13
1356,1,1,2,8,4,5,1,2,1,1,2,2,1,2,1,2
1357,1,1,5,8,4,3,1,1,1,1,1,1,1,1,2,1
1358,1,1,15,8,3,6,1,2,1,1,2,2,1,2,2,13
1359,1,10,10,8,2,2,1,2,1,2,2,2,2,4,2,13
1360,1,2,12,8,5,5,2,2,1,2,2,2,2,4,2,13
1361,1,10,3,8,4,5,1,2,1,1,2,2,1,2,1,2
1362,1,2,8,8,3,5,1,2,1,1,2,2,1,4,2,13
1363,1,1,5,8,4,6,1,2,1,1,2,2,1,2,1,2
1364,5,1,6,8,3,6,1,3,1,1,2,2,1,4,1,6
1365,1,1,6,8,3,6,1,2,1,1,2,2,1,2,2,13
1366,1,1,5,8,4,6,1,2,1,1,2,2,1,2,1,2
1367,1,1,7,8,3,4,1,2,1,1,2,2,1,2,1,2
1368,1,10,9,8,4,5,1,2,1,1,2,2,1,2,2,13
1369,1,2,2,8,2,4,2,3,1,1,2,2,1,4,1,12
1370,1,2,2,8,2,4,2,3,1,1,2,2,1,4,1,12
1371,7,3,9,8,3,5,2,3,1,1,2,2,1,4,1,12
1372,1,1,7,8,3,4,1,2,1,1,2,2,1,2,1,2
1373,7,6,13,8,3,5,1,3,1,1,2,2,1,4,1,6
1374,7,6,13,8,3,5,1,3,1,1,2,2,1,4,1,6
1375,1,1,4,8,4,7,1,2,1,1,2,2,1,2,1,2
1376,1,1,4,8,4,7,1,2,1,1,2,2,1,2,1,2
1377,6,9,3,8,3,3,1,3,1,1,1,2,1,1,2,3
1378,1,1,7,8,3,4,1,2,1,1,2,2,1,4,1,2
1379,1,1,9,8,2,7,2,2,1,2,2,2,2,4,2,13
1380,1,1,5,8,3,5,1,2,1,1,2,2,1,4,2,13
1381,1,1,5,8,4,7,1,2,1,1,2,2,1,2,1,2
1382,1,1,4,8,4,7,1,2,1,1,2,2,1,2,1,2
1383,1,5,4,8,4,7,1,2,1,1,2,2,1,2,1,2
1384,1,1,3,8,3,3,1,2,1,1,2,2,1,4,2,13
1385,1,12,12,8,4,7,2,2,1,2,2,2,2,4,2,13
1386,5,5,9,8,2,4,1,3,1,1,2,2,1,4,1,12
1387,1,1,6,8,3,5,1,2,1,1,2,2,1,2,1,2
1388,1,2,3,8,4,6,1,2,1,1,2,2,1,2,1,2
1389,5,6,6,8,3,5,1,3,1,1,2,2,1,4,1,6
1390,1,1,4,8,1,4,5,1,1,1,1,1,1,1,2,1
1391,1,1,6,8,4,6,1,2,1,1,2,2,1,2,1,2
1392,7,6,3,8,3,5,1,3,1,1,2,2,1,4,1,6
1393,1,10,10,8,3,4,1,2,1,1,2,2,1,4,2,13
1394,1,10,9,9,3,6,1,2,1,1,2,2,1,2,2,13
1395,5,5,5,9,3,6,1,3,1,1,2,2,1,4,1,6
1396,1,10,3,9,4,5,1,2,1,1,2,2,1,4,2,13
1397,1,1,3,9,4,5,1,2,1,1,2,2,1,2,1,2
1398,1,5,18,9,6,7,1,2,1,2,2,2,2,4,2,13
1399,1,2,2,9,3,5,2,3,1,1,2,2,1,4,1,12
1400,1,15,8,9,3,5,3,5,2,2,2,1,1,3,2,11
1401,5,16,5,9,3,5,1,3,1,1,2,2,1,4,1,6
1402,1,1,12,9,4,3,1,1,1,1,1,1,1,1,2,1
1403,5,7,7,9,3,6,1,3,1,1,2,2,1,4,1,6
1404,1,2,2,9,2,3,2,3,1,1,1,2,1,1,2,5
1405,5,16,6,9,3,6,1,3,1,1,2,2,1,4,1,6
1406,1,10,8,9,5,6,1,2,1,1,2,2,1,4,2,13
1407,4,5,4,9,4,5,1,2,1,1,2,2,1,2,1,2
1408,2,3,2,9,3,4,1,4,1,1,2,2,1,1,1,8
1409,1,10,7,9,4,7,1,2,1,1,2,2,1,2,1,2
1410,1,1,3,9,1,4,4,2,1,1,2,2,1,4,2,13
1411,1,10,9,9,5,6,1,2,1,1,2,2,1,4,2,13
1412,2,16,6,9,3,6,1,3,1,1,2,2,1,4,1,6
1413,1,2,5,9,3,5,1,3,1,1,2,2,1,4,1,6
1414,1,1,5,9,4,7,1,2,1,1,2,2,1,2,1,2
1415,2,13,3,9,3,3,2,4,1,2,2,2,2,3,1,10
1416,2,7,7,9,3,3,2,4,1,2,2,2,2,3,2,10
1417,2,4,4,9,3,3,2,4,1,2,2,2,2,3,2,10
1418,1,1,7,9,4,3,1,1,1,1,1,1,1,1,2,1
1419,1,5,4,9,3,9,1,2,1,1,2,2,1,2,1,2
1420,1,1,4,9,3,5,1,2,1,1,2,2,1,2,1,2
1421,1,11,5,9,3,3,2,1,1,1,1,1,1,1,2,1
1422,1,1,5,9,3,3,2,1,1,1,1,1,1,1,2,1
1423,1,2,5,9,2,4,2,3,1,1,2,2,1,4,1,6
1424,1,1,14,9,5,7,1,2,1,2,2,2,2,4,2,13
1425,1,2,12,9,3,6,1,2,1,2,2,2,2,4,2,13
1426,1,1,14,9,5,6,1,2,1,2,2,2,2,4,2,13
1427,2,3,1,9,3,6,2,3,1,1,2,2,1,4,1,12
1428,1,10,11,9,4,6,2,2,1,2,2,2,2,4,2,13
1429,4,12,1,9,3,6,1,2,1,1,2,2,1,2,1,2
1430,1,1,13,9,4,4,1,1,1,1,1,1,1,1,2,1
1431,1,1,13,9,4,4,1,1,1,1,1,1,1,1,2,1
1432,1,1,7,9,3,4,1,2,1,1,2,2,1,2,1,2
1433,1,12,12,9,3,6,1,2,1,2,2,2,2,2,2,13
1434,7,3,3,9,3,3,2,4,1,1,2,2,1,1,1,8
1435,1,2,5,9,4,7,1,2,1,1,2,2,1,2,1,2
1436,1,10,11,9,2,6,7,2,1,1,2,2,1,4,2,13
1437,1,10,1,10,4,5,1,2,1,1,2,2,1,4,2,13
1438,1,7,5,10,4,5,1,2,1,1,2,2,1,2,1,2
1439,1,1,9,10,4,6,1,2,1,1,2,2,1,2,1,2
1440,1,10,6,10,3,7,1,2,1,1,2,2,1,2,1,2
1441,1,10,13,10,3,6,1,2,1,2,2,2,2,4,2,13
1442,1,10,6,10,4,5,1,2,1,1,2,2,1,4,2,13
1443,2,6,3,10,4,4,2,4,1,2,2,2,2,3,1,10
1444,5,1,10,10,4,7,2,3,1,1,2,2,1,4,1,12
1445,1,2,10,10,3,6,1,2,1,1,2,2,1,4,2,13
1446,1,12,4,10,4,4,1,2,1,1,2,2,1,4,2,13
1447,1,1,7,10,3,5,1,2,1,1,2,2,1,4,2,13
1448,5,6,22,10,3,5,1,3,1,1,2,2,1,4,1,6
1449,5,7,13,10,3,5,1,2,1,1,2,2,1,2,1,2
1450,1,10,4,10,4,4,1,2,1,1,2,2,1,4,2,13
1451,7,3,4,10,1,1,1,3,1,1,2,2,1,4,1,12
1452,1,10,9,10,3,9,2,2,1,1,2,2,1,4,2,13
1453,2,6,4,10,3,6,2,3,1,2,2,2,2,4,1,12
1454,1,5,10,10,3,8,3,2,1,2,2,2,2,4,2,13
1455,4,1,4,10,4,5,1,2,1,1,2,2,1,2,1,2
1456,1,10,5,10,3,6,1,2,1,1,2,2,1,4,2,13
1457,1,2,6,10,4,5,1,2,1,1,2,2,1,4,2,13
1458,1,2,1,11,4,5,1,2,1,1,2,2,1,4,2,13
1459,1,10,5,11,3,5,1,2,1,1,2,2,1,4,2,13
1460,1,8,10,11,3,5,1,2,1,1,2,2,1,2,1,2
1461,1,10,3,11,4,6,1,2,1,1,2,2,1,2,1,2
1462,1,10,8,11,5,7,1,2,1,1,2,2,1,2,1,2
1463,1,2,3,11,5,7,1,2,1,1,2,2,1,2,1,2
1464,1,2,7,11,5,7,1,2,1,1,2,2,1,2,1,2
1465,1,1,8,11,3,6,1,2,1,1,2,2,1,2,2,13
1466,1,1,16,11,4,2,2,1,1,1,1,1,1,1,2,1
1467,1,1,7,11,4,4,1,2,1,1,2,2,1,4,2,13
1468,5,12,10,11,3,5,1,2,1,1,2,2,1,2,1,2
1469,7,10,11,11,4,5,2,2,1,2,2,2,2,4,2,13
1470,1,10,5,11,4,5,1,2,1,1,2,2,1,4,2,13
1471,1,1,7,11,5,5,1,2,1,1,2,2,1,4,2,13
1472,1,1,5,11,4,5,1,2,1,1,2,2,1,4,2,13
1473,4,10,7,11,4,5,1,2,1,1,2,2,1,2,1,2
1474,3,1,9,11,4,6,1,2,1,1,2,2,1,2,2,13
1475,1,5,4,11,4,6,1,2,1,1,2,2,1,2,1,2
1476,7,3,3,11,3,4,2,4,1,1,2,2,1,1,1,8
1477,1,1,13,11,4,5,1,2,1,1,2,2,1,4,2,13
1478,6,9,10,12,3,5,1,3,1,1,2,2,1,4,1,12
1479,6,6,3,12,3,5,2,3,1,1,2,2,1,4,1,12
1480,2,1,11,12,4,2,2,1,1,1,1,1,1,1,2,1
1481,1,1,9,12,4,6,1,2,1,1,2,2,1,2,2,13
1482,1,10,6,12,4,5,1,2,1,1,2,2,1,4,2,13
1483,1,1,4,12,1,5,5,2,1,1,2,2,1,4,2,13
1484,1,1,5,12,3,6,1,2,1,1,2,2,1,2,1,2
1485,1,17,7,12,5,5,1,2,1,1,2,2,1,4,2,13
1486,6,9,1,12,3,5,1,3,1,1,2,2,1,4,1,12
1487,1,1,10,12,4,5,1,2,1,1,2,2,1,4,2,13
1488,1,1,9,12,4,3,2,1,1,1,1,1,1,1,2,1
1489,1,10,4,13,3,5,2,3,1,1,2,2,1,4,1,12
1490,5,1,5,13,1,4,5,2,1,1,2,2,1,4,2,13
1491,1,1,7,13,4,5,1,2,1,2,2,2,2,4,2,13
1492,1,2,2,13,3,5,2,3,1,1,2,2,1,4,1,12
1493,1,1,9,13,4,5,1,2,1,1,2,2,1,2,1,2
1494,1,10,10,13,5,6,1,2,1,1,2,2,1,2,2,13
1495,1,10,7,13,4,6,1,2,1,1,2,2,1,4,2,13
1496,2,3,1,13,3,6,2,3,1,1,2,2,1,4,1,12
1497,1,2,1,13,2,4,3,3,1,1,1,2,1,1,2,3
1498,1,10,11,13,4,7,1,2,1,2,2,2,2,4,2,13
1499,1,10,14,13,4,6,1,2,1,1,2,2,1,4,2,13
1500,1,10,5,13,4,5,1,2,1,1,2,2,1,2,1,2
1501,6,5,6,13,3,6,1,3,1,1,2,2,1,4,1,12
1502,6,5,6,13,3,6,1,3,1,1,2,2,1,4,1,12
1503,1,10,11,13,4,7,1,2,1,2,2,2,2,4,2,13
1504,3,1,10,13,4,7,1,2,1,1,2,2,1,4,2,13
1505,3,10,1,13,4,1,4,2,1,1,2,2,1,2,2,13
1506,1,1,5,14,3,5,1,2,1,1,2,2,1,2,1,2
1507,1,1,13,14,3,6,2,2,1,2,2,2,2,4,2,13
1508,1,1,1,14,4,3,2,1,1,1,1,1,1,1,2,1
1509,3,1,4,14,3,5,2,5,2,2,2,1,1,3,2,11
1510,1,10,18,14,4,6,1,2,1,1,2,2,1,4,2,13
1511,2,10,2,14,3,7,2,3,1,1,2,2,1,2,1,12
1512,5,6,5,14,4,6,1,3,1,1,2,2,1,4,1,6
1513,1,10,15,14,4,5,1,2,1,1,2,2,1,2,2,13
1514,1,1,16,14,7,4,1,1,1,1,1,1,1,1,2,1
1515,1,10,9,14,4,6,1,2,1,1,2,2,1,2,2,13
1516,2,2,2,14,3,6,2,3,1,1,2,2,1,2,1,12
1517,2,12,2,14,3,6,2,3,1,1,2,2,1,2,1,12
1518,1,1,13,14,8,3,1,1,1,1,1,1,1,1,2,1
1519,1,1,20,14,1,3,8,1,1,1,1,1,1,1,2,1
1520,1,10,18,14,4,6,1,2,1,1,2,2,1,4,2,13
1521,1,10,7,14,4,5,1,2,1,1,2,2,1,4,2,13
1522,1,1,10,14,4,3,2,1,1,1,1,1,1,1,2,1
1523,1,2,12,14,5,6,1,2,1,2,2,2,2,4,2,13
1524,1,1,12,15,3,5,2,2,1,2,2,2,2,4,2,13
1525,1,5,18,15,4,6,1,2,1,1,2,2,1,2,1,2
1526,1,10,18,15,8,4,1,1,1,1,1,1,1,1,2,1
1527,1,1,6,15,3,9,1,2,1,1,2,2,1,2,2,13
1528,1,1,10,15,5,5,1,2,1,1,2,2,1,4,2,13
1529,1,10,12,15,4,8,1,2,1,1,2,2,1,4,2,13
1530,1,10,6,15,5,6,1,2,1,1,2,2,1,4,2,13
1531,1,10,9,15,4,6,1,2,1,1,2,2,1,2,1,2
1532,5,5,9,15,5,8,1,2,1,1,2,2,1,2,1,2
1533,1,10,17,15,7,5,1,2,1,1,2,2,1,2,2,13
1534,1,10,3,15,3,5,2,3,1,1,2,2,1,4,1,12
1535,1,10,5,15,4,6,1,2,1,1,2,2,1,4,2,13
1536,1,13,23,15,8,3,1,1,1,1,1,1,1,1,2,1
1537,2,10,2,15,4,6,2,4,1,1,2,2,1,2,1,12
1538,2,5,3,15,4,6,2,3,1,1,2,2,1,2,1,12
1539,1,10,7,15,4,7,1,2,1,1,2,2,1,4,2,13
1540,1,8,3,15,3,5,2,3,1,1,2,2,1,4,1,12
1541,1,1,5,15,1,6,6,2,1,1,2,2,1,4,2,13
1542,1,1,7,15,5,4,2,1,1,1,1,1,1,1,2,1
1543,1,1,15,16,8,4,1,1,1,1,1,1,1,1,2,1
1544,1,1,24,16,8,4,1,1,1,1,1,1,1,1,2,1
1545,5,5,9,16,4,9,1,2,1,1,2,2,1,2,1,2
1546,1,10,17,16,4,6,1,2,1,1,2,2,1,4,2,13
1547,1,1,5,16,5,6,1,2,1,1,2,2,1,4,2,13
1548,1,1,12,16,4,8,1,2,1,1,2,2,1,2,2,13
1549,1,10,9,16,4,7,1,2,1,1,2,2,1,2,1,2
1550,1,1,5,16,4,5,1,2,1,1,2,2,1,4,2,13
1551,1,10,23,16,8,3,1,1,1,1,1,1,1,1,2,1
1552,1,10,6,16,5,6,1,2,1,1,2,2,1,4,2,13
1553,1,1,25,16,8,4,1,1,1,1,1,1,1,1,2,1
1554,1,1,9,16,5,6,1,2,1,1,2,2,1,4,2,13
1555,1,5,5,16,4,6,2,2,1,1,2,2,1,4,2,13
1556,1,1,18,17,8,3,1,1,1,1,1,1,1,1,2,1
1557,1,1,9,17,5,6,1,2,1,1,2,2,1,2,2,13
1558,1,1,11,17,5,6,1,2,1,1,2,2,1,4,2,13
1559,1,1,7,17,8,4,1,1,1,1,1,1,1,1,2,1
1560,1,1,26,17,9,2,2,1,1,1,1,1,1,1,2,1
1561,1,1,27,17,8,4,1,1,1,1,1,1,1,1,2,1
1562,1,1,27,17,9,4,1,1,1,1,1,1,1,1,2,1
1563,1,10,8,17,4,7,1,2,1,1,2,2,1,4,2,13
1564,5,1,6,17,4,6,2,2,1,1,2,2,1,4,2,13
1565,1,1,23,17,3,6,2,2,1,2,2,2,2,4,2,13
1566,1,1,7,17,2,4,5,2,1,1,2,2,1,4,2,13
1567,7,3,1,18,3,5,3,4,1,1,2,2,1,1,1,8
1568,2,2,23,18,3,6,2,3,1,1,2,2,1,4,1,12
1569,1,1,12,18,5,6,1,2,1,1,2,2,1,4,2,13
1570,1,1,7,18,5,7,1,2,1,1,2,2,1,4,2,13
1571,1,1,8,18,4,4,2,2,1,1,2,2,1,4,2,13
1572,1,1,27,18,8,4,1,1,1,1,1,1,1,1,2,1
1573,1,1,6,18,5,6,2,2,1,1,2,2,1,4,2,13
1574,1,1,2,18,5,6,2,2,1,1,2,2,1,4,2,13
1575,5,6,22,18,3,6,2,3,1,1,2,2,1,4,1,6
1576,3,1,10,19,5,6,1,2,1,2,2,2,2,4,2,13
1577,1,1,23,19,5,5,2,2,1,1,2,2,1,4,2,13
1578,1,1,1,19,1,4,8,1,1,1,1,1,1,1,2,1
1579,1,1,28,19,8,4,1,1,1,1,1,1,1,1,2,1
1580,1,12,9,19,5,6,2,2,1,1,2,2,1,4,2,13
1581,1,10,26,19,8,4,1,1,1,1,1,1,1,1,2,1
1582,1,10,11,19,5,7,1,2,1,1,2,2,1,4,2,13
1583,1,1,11,19,5,7,1,2,1,1,2,2,1,4,2,13
1584,1,10,8,19,3,7,2,2,1,1,2,2,1,4,2,13
1585,1,1,20,19,8,4,1,1,1,1,1,1,1,1,2,1
1586,1,1,16,19,4,2,4,2,1,2,2,2,2,4,2,13
1587,1,1,29,19,9,4,1,1,1,1,1,1,1,1,2,1
1588,1,1,7,19,5,6,2,2,1,1,2,2,1,4,2,13
1589,1,10,9,19,1,5,6,2,1,1,2,2,1,4,2,13
1590,1,1,14,19,4,7,2,2,1,2,2,2,2,4,2,13
1591,1,10,13,19,3,6,2,2,1,2,2,2,2,4,2,13
1592,1,1,24,20,9,3,2,1,1,1,1,1,1,1,2,1
1593,1,10,7,20,2,6,3,2,1,1,2,2,1,2,1,2
1594,1,1,11,20,5,6,2,2,1,2,2,2,2,4,2,13
1595,7,3,10,20,3,5,3,5,2,2,2,1,1,3,2,11
1596,1,1,14,20,4,7,2,2,1,2,2,2,2,4,2,13
1597,1,5,13,20,3,7,2,2,1,2,2,2,2,4,2,13
1598,1,10,14,20,6,6,1,2,1,1,2,2,1,2,2,13
1599,1,7,13,20,5,6,2,2,1,2,2,2,2,4,2,13
1600,1,1,8,21,4,6,2,2,1,1,2,2,1,4,2,13
1601,1,10,23,21,7,2,3,1,1,1,1,1,1,1,2,1
1602,1,1,13,21,5,6,2,2,1,1,2,2,1,4,2,13
1603,1,1,20,21,8,2,3,1,1,1,1,1,1,1,2,1
1604,1,1,12,21,5,6,2,2,1,1,2,2,1,4,2,13
1605,1,1,1,22,1,5,8,1,1,1,1,1,1,1,2,1
1606,1,10,21,22,4,8,2,2,1,2,2,2,2,4,2,13
1607,1,17,17,22,7,5,2,1,1,1,1,1,1,1,2,1
1608,1,10,14,22,4,3,4,2,1,2,2,2,2,2,2,13
1609,1,10,7,23,5,6,2,2,1,1,2,2,1,4,2,13
1610,1,10,11,23,5,6,2,2,1,2,2,2,2,4,2,13
1611,1,8,15,23,5,6,2,2,1,1,2,2,1,4,2,13
1612,1,1,12,24,5,3,4,2,1,1,2,2,1,4,2,13
1613,1,1,12,24,5,6,2,2,1,1,2,2,1,4,2,13
1614,1,1,14,25,4,7,2,2,1,2,2,2,2,4,2,13
1615,1,1,14,25,5,7,2,2,1,2,2,2,2,4,2,13
1616,1,10,11,26,5,7,2,2,1,1,2,2,1,4,2,13
1617,1,1,6,26,3,5,3,2,1,1,2,2,1,2,1,2
1618,1,10,10,27,3,6,4,2,1,1,2,2,1,2,2,13
1619,1,2,2,27,4,7,2,1,1,1,1,1,1,1,2,1
1620,1,1,1,28,2,6,6,1,1,1,1,1,1,1,2,1
1621,1,10,12,29,6,8,2,2,1,1,2,2,1,4,2,13
1622,1,1,9,29,6,7,2,2,1,2,2,2,2,4,2,13
1623,1,10,19,30,6,7,2,2,1,2,2,2,2,4,2,13
